onset	duration	trial_type	value	sample	StimulusPresentation
0.0	0.001	begin	1	0	PsychophysicsToolbox
0.499	0.001	stim_on	4	499	PsychophysicsToolbox
1.386	0.001	resp	3	1386	PsychophysicsToolbox
1.393	0.001	resp	3	1393	PsychophysicsToolbox
1.398	0.001	resp	3	1398	PsychophysicsToolbox
1.403	0.001	resp	3	1403	PsychophysicsToolbox
1.408	0.001	resp	3	1408	PsychophysicsToolbox
1.413	0.001	resp	3	1413	PsychophysicsToolbox
1.418	0.001	resp	3	1418	PsychophysicsToolbox
1.423	0.001	resp	3	1423	PsychophysicsToolbox
1.428	0.001	resp	3	1428	PsychophysicsToolbox
1.433	0.001	resp	3	1433	PsychophysicsToolbox
1.443	0.001	resp	3	1443	PsychophysicsToolbox
1.448	0.001	resp	3	1448	PsychophysicsToolbox
1.453	0.001	resp	3	1453	PsychophysicsToolbox
1.458	0.001	resp	3	1458	PsychophysicsToolbox
1.463	0.001	resp	3	1463	PsychophysicsToolbox
1.468	0.001	resp	3	1468	PsychophysicsToolbox
1.473	0.001	resp	3	1473	PsychophysicsToolbox
1.478	0.001	resp	3	1478	PsychophysicsToolbox
1.483	0.001	resp	3	1483	PsychophysicsToolbox
1.488	0.001	resp	3	1488	PsychophysicsToolbox
1.498	0.001	resp	3	1498	PsychophysicsToolbox
1.503	0.001	resp	3	1503	PsychophysicsToolbox
1.509	0.001	resp	3	1509	PsychophysicsToolbox
1.514	0.001	resp	3	1514	PsychophysicsToolbox
1.519	0.001	resp	3	1519	PsychophysicsToolbox
1.524	0.001	resp	3	1524	PsychophysicsToolbox
1.529	0.001	resp	3	1529	PsychophysicsToolbox
1.534	0.001	resp	3	1534	PsychophysicsToolbox
1.539	0.001	resp	3	1539	PsychophysicsToolbox
1.549	0.001	resp	3	1549	PsychophysicsToolbox
1.554	0.001	resp	3	1554	PsychophysicsToolbox
1.559	0.001	resp	3	1559	PsychophysicsToolbox
1.564	0.001	resp	3	1564	PsychophysicsToolbox
2.002	0.001	stim_on	4	2002	PsychophysicsToolbox
3.058	0.001	resp	3	3058	PsychophysicsToolbox
3.065	0.001	resp	3	3065	PsychophysicsToolbox
3.07	0.001	resp	3	3070	PsychophysicsToolbox
3.075	0.001	resp	3	3075	PsychophysicsToolbox
3.08	0.001	resp	3	3080	PsychophysicsToolbox
3.085	0.001	resp	3	3085	PsychophysicsToolbox
3.09	0.001	resp	3	3090	PsychophysicsToolbox
3.095	0.001	resp	3	3095	PsychophysicsToolbox
3.1	0.001	resp	3	3100	PsychophysicsToolbox
3.105	0.001	resp	3	3105	PsychophysicsToolbox
3.115	0.001	resp	3	3115	PsychophysicsToolbox
3.12	0.001	resp	3	3120	PsychophysicsToolbox
3.125	0.001	resp	3	3125	PsychophysicsToolbox
3.13	0.001	resp	3	3130	PsychophysicsToolbox
3.135	0.001	resp	3	3135	PsychophysicsToolbox
3.14	0.001	resp	3	3140	PsychophysicsToolbox
3.145	0.001	resp	3	3145	PsychophysicsToolbox
3.15	0.001	resp	3	3150	PsychophysicsToolbox
3.156	0.001	resp	3	3156	PsychophysicsToolbox
3.166	0.001	resp	3	3166	PsychophysicsToolbox
3.171	0.001	resp	3	3171	PsychophysicsToolbox
3.176	0.001	resp	3	3176	PsychophysicsToolbox
3.181	0.001	resp	3	3181	PsychophysicsToolbox
3.186	0.001	resp	3	3186	PsychophysicsToolbox
3.191	0.001	resp	3	3191	PsychophysicsToolbox
3.196	0.001	resp	3	3196	PsychophysicsToolbox
3.201	0.001	resp	3	3201	PsychophysicsToolbox
3.206	0.001	resp	3	3206	PsychophysicsToolbox
3.211	0.001	resp	3	3211	PsychophysicsToolbox
3.571	0.001	stim_on	4	3571	PsychophysicsToolbox
4.516	0.001	resp	3	4516	PsychophysicsToolbox
4.522	0.001	resp	3	4522	PsychophysicsToolbox
4.527	0.001	resp	3	4527	PsychophysicsToolbox
4.532	0.001	resp	3	4532	PsychophysicsToolbox
4.537	0.001	resp	3	4537	PsychophysicsToolbox
4.542	0.001	resp	3	4542	PsychophysicsToolbox
4.547	0.001	resp	3	4547	PsychophysicsToolbox
4.553	0.001	resp	3	4553	PsychophysicsToolbox
4.558	0.001	resp	3	4558	PsychophysicsToolbox
4.563	0.001	resp	3	4563	PsychophysicsToolbox
4.573	0.001	resp	3	4573	PsychophysicsToolbox
4.578	0.001	resp	3	4578	PsychophysicsToolbox
4.583	0.001	resp	3	4583	PsychophysicsToolbox
4.588	0.001	resp	3	4588	PsychophysicsToolbox
4.593	0.001	resp	3	4593	PsychophysicsToolbox
4.598	0.001	resp	3	4598	PsychophysicsToolbox
4.603	0.001	resp	3	4603	PsychophysicsToolbox
4.608	0.001	resp	3	4608	PsychophysicsToolbox
4.613	0.001	resp	3	4613	PsychophysicsToolbox
4.618	0.001	resp	3	4618	PsychophysicsToolbox
4.628	0.001	resp	3	4628	PsychophysicsToolbox
4.633	0.001	resp	3	4633	PsychophysicsToolbox
4.638	0.001	resp	3	4638	PsychophysicsToolbox
4.643	0.001	resp	3	4643	PsychophysicsToolbox
5.275	0.001	stim_on	4	5275	PsychophysicsToolbox
6.366	0.001	resp	3	6366	PsychophysicsToolbox
6.373	0.001	resp	3	6373	PsychophysicsToolbox
6.378	0.001	resp	3	6378	PsychophysicsToolbox
6.383	0.001	resp	3	6383	PsychophysicsToolbox
6.388	0.001	resp	3	6388	PsychophysicsToolbox
6.393	0.001	resp	3	6393	PsychophysicsToolbox
6.398	0.001	resp	3	6398	PsychophysicsToolbox
6.403	0.001	resp	3	6403	PsychophysicsToolbox
6.408	0.001	resp	3	6408	PsychophysicsToolbox
6.413	0.001	resp	3	6413	PsychophysicsToolbox
6.423	0.001	resp	3	6423	PsychophysicsToolbox
6.428	0.001	resp	3	6428	PsychophysicsToolbox
6.433	0.001	resp	3	6433	PsychophysicsToolbox
6.438	0.001	resp	3	6438	PsychophysicsToolbox
6.443	0.001	resp	3	6443	PsychophysicsToolbox
6.448	0.001	resp	3	6448	PsychophysicsToolbox
6.453	0.001	resp	3	6453	PsychophysicsToolbox
6.458	0.001	resp	3	6458	PsychophysicsToolbox
6.463	0.001	resp	3	6463	PsychophysicsToolbox
6.468	0.001	resp	3	6468	PsychophysicsToolbox
6.478	0.001	resp	3	6478	PsychophysicsToolbox
6.483	0.001	resp	3	6483	PsychophysicsToolbox
6.489	0.001	resp	3	6489	PsychophysicsToolbox
6.494	0.001	resp	3	6494	PsychophysicsToolbox
6.499	0.001	resp	3	6499	PsychophysicsToolbox
6.644	0.001	stim_on	4	6644	PsychophysicsToolbox
7.594	0.001	resp	3	7594	PsychophysicsToolbox
7.601	0.001	resp	3	7601	PsychophysicsToolbox
7.606	0.001	resp	3	7606	PsychophysicsToolbox
7.611	0.001	resp	3	7611	PsychophysicsToolbox
7.616	0.001	resp	3	7616	PsychophysicsToolbox
7.621	0.001	resp	3	7621	PsychophysicsToolbox
7.626	0.001	resp	3	7626	PsychophysicsToolbox
7.631	0.001	resp	3	7631	PsychophysicsToolbox
7.636	0.001	resp	3	7636	PsychophysicsToolbox
7.641	0.001	resp	3	7641	PsychophysicsToolbox
7.651	0.001	resp	3	7651	PsychophysicsToolbox
7.656	0.001	resp	3	7656	PsychophysicsToolbox
7.661	0.001	resp	3	7661	PsychophysicsToolbox
7.666	0.001	resp	3	7666	PsychophysicsToolbox
7.671	0.001	resp	3	7671	PsychophysicsToolbox
7.676	0.001	resp	3	7676	PsychophysicsToolbox
7.681	0.001	resp	3	7681	PsychophysicsToolbox
7.686	0.001	resp	3	7686	PsychophysicsToolbox
7.691	0.001	resp	3	7691	PsychophysicsToolbox
7.696	0.001	resp	3	7696	PsychophysicsToolbox
7.706	0.001	resp	3	7706	PsychophysicsToolbox
7.711	0.001	resp	3	7711	PsychophysicsToolbox
7.716	0.001	resp	3	7716	PsychophysicsToolbox
7.721	0.001	resp	3	7721	PsychophysicsToolbox
7.726	0.001	resp	3	7726	PsychophysicsToolbox
7.731	0.001	resp	3	7731	PsychophysicsToolbox
7.736	0.001	resp	3	7736	PsychophysicsToolbox
7.741	0.001	resp	3	7741	PsychophysicsToolbox
7.746	0.001	resp	3	7746	PsychophysicsToolbox
8.147	0.001	stim_on	4	8147	PsychophysicsToolbox
9.057	0.001	resp	3	9057	PsychophysicsToolbox
9.063	0.001	resp	3	9063	PsychophysicsToolbox
9.068	0.001	resp	3	9068	PsychophysicsToolbox
9.073	0.001	resp	3	9073	PsychophysicsToolbox
9.078	0.001	resp	3	9078	PsychophysicsToolbox
9.083	0.001	resp	3	9083	PsychophysicsToolbox
9.088	0.001	resp	3	9088	PsychophysicsToolbox
9.093	0.001	resp	3	9093	PsychophysicsToolbox
9.098	0.001	resp	3	9098	PsychophysicsToolbox
9.104	0.001	resp	3	9104	PsychophysicsToolbox
9.114	0.001	resp	3	9114	PsychophysicsToolbox
9.119	0.001	resp	3	9119	PsychophysicsToolbox
9.124	0.001	resp	3	9124	PsychophysicsToolbox
9.129	0.001	resp	3	9129	PsychophysicsToolbox
9.134	0.001	resp	3	9134	PsychophysicsToolbox
9.139	0.001	resp	3	9139	PsychophysicsToolbox
9.144	0.001	resp	3	9144	PsychophysicsToolbox
9.149	0.001	resp	3	9149	PsychophysicsToolbox
9.154	0.001	resp	3	9154	PsychophysicsToolbox
9.159	0.001	resp	3	9159	PsychophysicsToolbox
9.516	0.001	stim_on	4	9516	PsychophysicsToolbox
10.413	0.001	resp	3	10413	PsychophysicsToolbox
10.42	0.001	resp	3	10420	PsychophysicsToolbox
10.425	0.001	resp	3	10425	PsychophysicsToolbox
10.43	0.001	resp	3	10430	PsychophysicsToolbox
10.435	0.001	resp	3	10435	PsychophysicsToolbox
10.44	0.001	resp	3	10440	PsychophysicsToolbox
10.445	0.001	resp	3	10445	PsychophysicsToolbox
10.45	0.001	resp	3	10450	PsychophysicsToolbox
10.455	0.001	resp	3	10455	PsychophysicsToolbox
10.46	0.001	resp	3	10460	PsychophysicsToolbox
10.47	0.001	resp	3	10470	PsychophysicsToolbox
10.475	0.001	resp	3	10475	PsychophysicsToolbox
10.48	0.001	resp	3	10480	PsychophysicsToolbox
10.485	0.001	resp	3	10485	PsychophysicsToolbox
10.49	0.001	resp	3	10490	PsychophysicsToolbox
10.495	0.001	resp	3	10495	PsychophysicsToolbox
10.5	0.001	resp	3	10500	PsychophysicsToolbox
10.505	0.001	resp	3	10505	PsychophysicsToolbox
10.51	0.001	resp	3	10510	PsychophysicsToolbox
10.515	0.001	resp	3	10515	PsychophysicsToolbox
10.525	0.001	resp	3	10525	PsychophysicsToolbox
10.53	0.001	resp	3	10530	PsychophysicsToolbox
10.535	0.001	resp	3	10535	PsychophysicsToolbox
10.54	0.001	resp	3	10540	PsychophysicsToolbox
10.545	0.001	resp	3	10545	PsychophysicsToolbox
10.551	0.001	resp	3	10551	PsychophysicsToolbox
10.969	0.001	stim_on	4	10969	PsychophysicsToolbox
11.909	0.001	resp	3	11909	PsychophysicsToolbox
11.916	0.001	resp	3	11916	PsychophysicsToolbox
11.921	0.001	resp	3	11921	PsychophysicsToolbox
11.926	0.001	resp	3	11926	PsychophysicsToolbox
11.931	0.001	resp	3	11931	PsychophysicsToolbox
11.936	0.001	resp	3	11936	PsychophysicsToolbox
11.941	0.001	resp	3	11941	PsychophysicsToolbox
11.946	0.001	resp	3	11946	PsychophysicsToolbox
11.951	0.001	resp	3	11951	PsychophysicsToolbox
11.956	0.001	resp	3	11956	PsychophysicsToolbox
11.966	0.001	resp	3	11966	PsychophysicsToolbox
11.971	0.001	resp	3	11971	PsychophysicsToolbox
11.976	0.001	resp	3	11976	PsychophysicsToolbox
11.981	0.001	resp	3	11981	PsychophysicsToolbox
11.986	0.001	resp	3	11986	PsychophysicsToolbox
11.991	0.001	resp	3	11991	PsychophysicsToolbox
11.996	0.001	resp	3	11996	PsychophysicsToolbox
12.001	0.001	resp	3	12001	PsychophysicsToolbox
12.006	0.001	resp	3	12006	PsychophysicsToolbox
12.011	0.001	resp	3	12011	PsychophysicsToolbox
12.021	0.001	resp	3	12021	PsychophysicsToolbox
12.026	0.001	resp	3	12026	PsychophysicsToolbox
12.571	0.001	stim_on	4	12571	PsychophysicsToolbox
13.594	0.001	resp	3	13594	PsychophysicsToolbox
13.601	0.001	resp	3	13601	PsychophysicsToolbox
13.606	0.001	resp	3	13606	PsychophysicsToolbox
13.611	0.001	resp	3	13611	PsychophysicsToolbox
13.616	0.001	resp	3	13616	PsychophysicsToolbox
13.621	0.001	resp	3	13621	PsychophysicsToolbox
13.626	0.001	resp	3	13626	PsychophysicsToolbox
13.631	0.001	resp	3	13631	PsychophysicsToolbox
13.636	0.001	resp	3	13636	PsychophysicsToolbox
13.641	0.001	resp	3	13641	PsychophysicsToolbox
13.652	0.001	resp	3	13652	PsychophysicsToolbox
13.657	0.001	resp	3	13657	PsychophysicsToolbox
13.662	0.001	resp	3	13662	PsychophysicsToolbox
13.667	0.001	resp	3	13667	PsychophysicsToolbox
13.672	0.001	resp	3	13672	PsychophysicsToolbox
13.677	0.001	resp	3	13677	PsychophysicsToolbox
13.682	0.001	resp	3	13682	PsychophysicsToolbox
13.687	0.001	resp	3	13687	PsychophysicsToolbox
13.692	0.001	resp	3	13692	PsychophysicsToolbox
13.697	0.001	resp	3	13697	PsychophysicsToolbox
13.707	0.001	resp	3	13707	PsychophysicsToolbox
13.712	0.001	resp	3	13712	PsychophysicsToolbox
13.717	0.001	resp	3	13717	PsychophysicsToolbox
13.722	0.001	resp	3	13722	PsychophysicsToolbox
14.091	0.001	stim_on	4	14091	PsychophysicsToolbox
15.021	0.001	resp	3	15021	PsychophysicsToolbox
15.028	0.001	resp	3	15028	PsychophysicsToolbox
15.033	0.001	resp	3	15033	PsychophysicsToolbox
15.038	0.001	resp	3	15038	PsychophysicsToolbox
15.043	0.001	resp	3	15043	PsychophysicsToolbox
15.048	0.001	resp	3	15048	PsychophysicsToolbox
15.053	0.001	resp	3	15053	PsychophysicsToolbox
15.058	0.001	resp	3	15058	PsychophysicsToolbox
15.063	0.001	resp	3	15063	PsychophysicsToolbox
15.068	0.001	resp	3	15068	PsychophysicsToolbox
15.078	0.001	resp	3	15078	PsychophysicsToolbox
15.083	0.001	resp	3	15083	PsychophysicsToolbox
15.088	0.001	resp	3	15088	PsychophysicsToolbox
15.093	0.001	resp	3	15093	PsychophysicsToolbox
15.098	0.001	resp	3	15098	PsychophysicsToolbox
15.103	0.001	resp	3	15103	PsychophysicsToolbox
15.108	0.001	resp	3	15108	PsychophysicsToolbox
15.113	0.001	resp	3	15113	PsychophysicsToolbox
15.118	0.001	resp	3	15118	PsychophysicsToolbox
15.123	0.001	resp	3	15123	PsychophysicsToolbox
15.811	0.001	stim_on	4	15811	PsychophysicsToolbox
16.592	0.001	resp	3	16592	PsychophysicsToolbox
16.598	0.001	resp	3	16598	PsychophysicsToolbox
16.603	0.001	resp	3	16603	PsychophysicsToolbox
16.608	0.001	resp	3	16608	PsychophysicsToolbox
16.613	0.001	resp	3	16613	PsychophysicsToolbox
16.618	0.001	resp	3	16618	PsychophysicsToolbox
16.623	0.001	resp	3	16623	PsychophysicsToolbox
16.628	0.001	resp	3	16628	PsychophysicsToolbox
16.633	0.001	resp	3	16633	PsychophysicsToolbox
16.638	0.001	resp	3	16638	PsychophysicsToolbox
16.643	0.001	resp	3	16643	PsychophysicsToolbox
16.654	0.001	resp	3	16654	PsychophysicsToolbox
16.659	0.001	resp	3	16659	PsychophysicsToolbox
16.664	0.001	resp	3	16664	PsychophysicsToolbox
16.669	0.001	resp	3	16669	PsychophysicsToolbox
16.674	0.001	resp	3	16674	PsychophysicsToolbox
16.679	0.001	resp	3	16679	PsychophysicsToolbox
16.684	0.001	resp	3	16684	PsychophysicsToolbox
16.689	0.001	resp	3	16689	PsychophysicsToolbox
16.694	0.001	resp	3	16694	PsychophysicsToolbox
16.699	0.001	resp	3	16699	PsychophysicsToolbox
16.709	0.001	resp	3	16709	PsychophysicsToolbox
16.714	0.001	resp	3	16714	PsychophysicsToolbox
16.719	0.001	resp	3	16719	PsychophysicsToolbox
16.724	0.001	resp	3	16724	PsychophysicsToolbox
17.447	0.001	stim_on	4	17447	PsychophysicsToolbox
18.347	0.001	resp	3	18347	PsychophysicsToolbox
18.354	0.001	resp	3	18354	PsychophysicsToolbox
18.359	0.001	resp	3	18359	PsychophysicsToolbox
18.364	0.001	resp	3	18364	PsychophysicsToolbox
18.369	0.001	resp	3	18369	PsychophysicsToolbox
18.374	0.001	resp	3	18374	PsychophysicsToolbox
18.379	0.001	resp	3	18379	PsychophysicsToolbox
18.384	0.001	resp	3	18384	PsychophysicsToolbox
18.389	0.001	resp	3	18389	PsychophysicsToolbox
18.394	0.001	resp	3	18394	PsychophysicsToolbox
18.404	0.001	resp	3	18404	PsychophysicsToolbox
18.409	0.001	resp	3	18409	PsychophysicsToolbox
18.414	0.001	resp	3	18414	PsychophysicsToolbox
18.419	0.001	resp	3	18419	PsychophysicsToolbox
18.424	0.001	resp	3	18424	PsychophysicsToolbox
18.429	0.001	resp	3	18429	PsychophysicsToolbox
18.434	0.001	resp	3	18434	PsychophysicsToolbox
18.44	0.001	resp	3	18440	PsychophysicsToolbox
18.445	0.001	resp	3	18445	PsychophysicsToolbox
18.455	0.001	resp	3	18455	PsychophysicsToolbox
18.46	0.001	resp	3	18460	PsychophysicsToolbox
18.465	0.001	resp	3	18465	PsychophysicsToolbox
18.47	0.001	resp	3	18470	PsychophysicsToolbox
18.8	0.001	stim_on	4	18800	PsychophysicsToolbox
19.709	0.001	resp	3	19709	PsychophysicsToolbox
19.716	0.001	resp	3	19716	PsychophysicsToolbox
19.721	0.001	resp	3	19721	PsychophysicsToolbox
19.726	0.001	resp	3	19726	PsychophysicsToolbox
19.731	0.001	resp	3	19731	PsychophysicsToolbox
19.736	0.001	resp	3	19736	PsychophysicsToolbox
19.741	0.001	resp	3	19741	PsychophysicsToolbox
19.746	0.001	resp	3	19746	PsychophysicsToolbox
19.751	0.001	resp	3	19751	PsychophysicsToolbox
19.756	0.001	resp	3	19756	PsychophysicsToolbox
19.766	0.001	resp	3	19766	PsychophysicsToolbox
19.771	0.001	resp	3	19771	PsychophysicsToolbox
19.776	0.001	resp	3	19776	PsychophysicsToolbox
19.781	0.001	resp	3	19781	PsychophysicsToolbox
19.786	0.001	resp	3	19786	PsychophysicsToolbox
19.791	0.001	resp	3	19791	PsychophysicsToolbox
19.796	0.001	resp	3	19796	PsychophysicsToolbox
19.802	0.001	resp	3	19802	PsychophysicsToolbox
19.807	0.001	resp	3	19807	PsychophysicsToolbox
19.817	0.001	resp	3	19817	PsychophysicsToolbox
19.822	0.001	resp	3	19822	PsychophysicsToolbox
19.827	0.001	resp	3	19827	PsychophysicsToolbox
19.832	0.001	resp	3	19832	PsychophysicsToolbox
20.469	0.001	stim_on	4	20469	PsychophysicsToolbox
21.409	0.001	resp	3	21409	PsychophysicsToolbox
21.415	0.001	resp	3	21415	PsychophysicsToolbox
21.42	0.001	resp	3	21420	PsychophysicsToolbox
21.425	0.001	resp	3	21425	PsychophysicsToolbox
21.43	0.001	resp	3	21430	PsychophysicsToolbox
21.435	0.001	resp	3	21435	PsychophysicsToolbox
21.441	0.001	resp	3	21441	PsychophysicsToolbox
21.446	0.001	resp	3	21446	PsychophysicsToolbox
21.451	0.001	resp	3	21451	PsychophysicsToolbox
21.456	0.001	resp	3	21456	PsychophysicsToolbox
21.466	0.001	resp	3	21466	PsychophysicsToolbox
21.471	0.001	resp	3	21471	PsychophysicsToolbox
21.476	0.001	resp	3	21476	PsychophysicsToolbox
21.481	0.001	resp	3	21481	PsychophysicsToolbox
21.486	0.001	resp	3	21486	PsychophysicsToolbox
21.491	0.001	resp	3	21491	PsychophysicsToolbox
21.496	0.001	resp	3	21496	PsychophysicsToolbox
21.501	0.001	resp	3	21501	PsychophysicsToolbox
21.506	0.001	resp	3	21506	PsychophysicsToolbox
21.511	0.001	resp	3	21511	PsychophysicsToolbox
22.106	0.001	stim_on	4	22106	PsychophysicsToolbox
22.994	0.001	resp	3	22994	PsychophysicsToolbox
23.0	0.001	resp	3	23000	PsychophysicsToolbox
23.005	0.001	resp	3	23005	PsychophysicsToolbox
23.01	0.001	resp	3	23010	PsychophysicsToolbox
23.015	0.001	resp	3	23015	PsychophysicsToolbox
23.02	0.001	resp	3	23020	PsychophysicsToolbox
23.026	0.001	resp	3	23026	PsychophysicsToolbox
23.031	0.001	resp	3	23031	PsychophysicsToolbox
23.036	0.001	resp	3	23036	PsychophysicsToolbox
23.041	0.001	resp	3	23041	PsychophysicsToolbox
23.051	0.001	resp	3	23051	PsychophysicsToolbox
23.056	0.001	resp	3	23056	PsychophysicsToolbox
23.061	0.001	resp	3	23061	PsychophysicsToolbox
23.066	0.001	resp	3	23066	PsychophysicsToolbox
23.071	0.001	resp	3	23071	PsychophysicsToolbox
23.076	0.001	resp	3	23076	PsychophysicsToolbox
23.081	0.001	resp	3	23081	PsychophysicsToolbox
23.086	0.001	resp	3	23086	PsychophysicsToolbox
23.091	0.001	resp	3	23091	PsychophysicsToolbox
23.096	0.001	resp	3	23096	PsychophysicsToolbox
23.425	0.001	stim_on	4	23425	PsychophysicsToolbox
24.366	0.001	resp	3	24366	PsychophysicsToolbox
24.373	0.001	resp	3	24373	PsychophysicsToolbox
24.378	0.001	resp	3	24378	PsychophysicsToolbox
24.383	0.001	resp	3	24383	PsychophysicsToolbox
24.388	0.001	resp	3	24388	PsychophysicsToolbox
24.393	0.001	resp	3	24393	PsychophysicsToolbox
24.398	0.001	resp	3	24398	PsychophysicsToolbox
24.403	0.001	resp	3	24403	PsychophysicsToolbox
24.408	0.001	resp	3	24408	PsychophysicsToolbox
24.413	0.001	resp	3	24413	PsychophysicsToolbox
24.423	0.001	resp	3	24423	PsychophysicsToolbox
24.429	0.001	resp	3	24429	PsychophysicsToolbox
24.434	0.001	resp	3	24434	PsychophysicsToolbox
24.439	0.001	resp	3	24439	PsychophysicsToolbox
24.444	0.001	resp	3	24444	PsychophysicsToolbox
24.449	0.001	resp	3	24449	PsychophysicsToolbox
24.454	0.001	resp	3	24454	PsychophysicsToolbox
24.459	0.001	resp	3	24459	PsychophysicsToolbox
24.464	0.001	resp	3	24464	PsychophysicsToolbox
24.474	0.001	resp	3	24474	PsychophysicsToolbox
24.479	0.001	resp	3	24479	PsychophysicsToolbox
24.484	0.001	resp	3	24484	PsychophysicsToolbox
24.489	0.001	resp	3	24489	PsychophysicsToolbox
25.061	0.001	stim_on	4	25061	PsychophysicsToolbox
25.957	0.001	resp	3	25957	PsychophysicsToolbox
25.964	0.001	resp	3	25964	PsychophysicsToolbox
25.969	0.001	resp	3	25969	PsychophysicsToolbox
25.974	0.001	resp	3	25974	PsychophysicsToolbox
25.979	0.001	resp	3	25979	PsychophysicsToolbox
25.984	0.001	resp	3	25984	PsychophysicsToolbox
25.989	0.001	resp	3	25989	PsychophysicsToolbox
25.994	0.001	resp	3	25994	PsychophysicsToolbox
25.999	0.001	resp	3	25999	PsychophysicsToolbox
26.004	0.001	resp	3	26004	PsychophysicsToolbox
26.014	0.001	resp	3	26014	PsychophysicsToolbox
26.019	0.001	resp	3	26019	PsychophysicsToolbox
26.024	0.001	resp	3	26024	PsychophysicsToolbox
26.029	0.001	resp	3	26029	PsychophysicsToolbox
26.034	0.001	resp	3	26034	PsychophysicsToolbox
26.039	0.001	resp	3	26039	PsychophysicsToolbox
26.044	0.001	resp	3	26044	PsychophysicsToolbox
26.049	0.001	resp	3	26049	PsychophysicsToolbox
26.054	0.001	resp	3	26054	PsychophysicsToolbox
26.059	0.001	resp	3	26059	PsychophysicsToolbox
26.07	0.001	resp	3	26070	PsychophysicsToolbox
26.075	0.001	resp	3	26075	PsychophysicsToolbox
26.08	0.001	resp	3	26080	PsychophysicsToolbox
26.085	0.001	resp	3	26085	PsychophysicsToolbox
26.09	0.001	resp	3	26090	PsychophysicsToolbox
26.095	0.001	resp	3	26095	PsychophysicsToolbox
26.1	0.001	resp	3	26100	PsychophysicsToolbox
26.105	0.001	resp	3	26105	PsychophysicsToolbox
26.648	0.001	stim_on	4	26648	PsychophysicsToolbox
27.579	0.001	resp	3	27579	PsychophysicsToolbox
27.586	0.001	resp	3	27586	PsychophysicsToolbox
27.591	0.001	resp	3	27591	PsychophysicsToolbox
27.596	0.001	resp	3	27596	PsychophysicsToolbox
27.601	0.001	resp	3	27601	PsychophysicsToolbox
27.606	0.001	resp	3	27606	PsychophysicsToolbox
27.611	0.001	resp	3	27611	PsychophysicsToolbox
27.616	0.001	resp	3	27616	PsychophysicsToolbox
27.621	0.001	resp	3	27621	PsychophysicsToolbox
27.626	0.001	resp	3	27626	PsychophysicsToolbox
27.636	0.001	resp	3	27636	PsychophysicsToolbox
27.641	0.001	resp	3	27641	PsychophysicsToolbox
27.646	0.001	resp	3	27646	PsychophysicsToolbox
27.651	0.001	resp	3	27651	PsychophysicsToolbox
27.656	0.001	resp	3	27656	PsychophysicsToolbox
27.661	0.001	resp	3	27661	PsychophysicsToolbox
27.666	0.001	resp	3	27666	PsychophysicsToolbox
27.671	0.001	resp	3	27671	PsychophysicsToolbox
27.676	0.001	resp	3	27676	PsychophysicsToolbox
27.681	0.001	resp	3	27681	PsychophysicsToolbox
27.691	0.001	resp	3	27691	PsychophysicsToolbox
27.696	0.001	resp	3	27696	PsychophysicsToolbox
27.701	0.001	resp	3	27701	PsychophysicsToolbox
28.134	0.001	stim_on	4	28134	PsychophysicsToolbox
29.002	0.001	resp	3	29002	PsychophysicsToolbox
29.009	0.001	resp	3	29009	PsychophysicsToolbox
29.014	0.001	resp	3	29014	PsychophysicsToolbox
29.019	0.001	resp	3	29019	PsychophysicsToolbox
29.024	0.001	resp	3	29024	PsychophysicsToolbox
29.029	0.001	resp	3	29029	PsychophysicsToolbox
29.034	0.001	resp	3	29034	PsychophysicsToolbox
29.039	0.001	resp	3	29039	PsychophysicsToolbox
29.044	0.001	resp	3	29044	PsychophysicsToolbox
29.049	0.001	resp	3	29049	PsychophysicsToolbox
29.059	0.001	resp	3	29059	PsychophysicsToolbox
29.064	0.001	resp	3	29064	PsychophysicsToolbox
29.069	0.001	resp	3	29069	PsychophysicsToolbox
29.074	0.001	resp	3	29074	PsychophysicsToolbox
29.079	0.001	resp	3	29079	PsychophysicsToolbox
29.084	0.001	resp	3	29084	PsychophysicsToolbox
29.089	0.001	resp	3	29089	PsychophysicsToolbox
29.094	0.001	resp	3	29094	PsychophysicsToolbox
29.099	0.001	resp	3	29099	PsychophysicsToolbox
29.104	0.001	resp	3	29104	PsychophysicsToolbox
29.114	0.001	resp	3	29114	PsychophysicsToolbox
29.119	0.001	resp	3	29119	PsychophysicsToolbox
29.124	0.001	resp	3	29124	PsychophysicsToolbox
29.13	0.001	resp	3	29130	PsychophysicsToolbox
29.135	0.001	resp	3	29135	PsychophysicsToolbox
29.57	0.001	stim_on	4	29570	PsychophysicsToolbox
30.487	0.001	resp	3	30487	PsychophysicsToolbox
30.494	0.001	resp	3	30494	PsychophysicsToolbox
30.499	0.001	resp	3	30499	PsychophysicsToolbox
30.504	0.001	resp	3	30504	PsychophysicsToolbox
30.509	0.001	resp	3	30509	PsychophysicsToolbox
30.514	0.001	resp	3	30514	PsychophysicsToolbox
30.519	0.001	resp	3	30519	PsychophysicsToolbox
30.524	0.001	resp	3	30524	PsychophysicsToolbox
30.529	0.001	resp	3	30529	PsychophysicsToolbox
30.534	0.001	resp	3	30534	PsychophysicsToolbox
30.544	0.001	resp	3	30544	PsychophysicsToolbox
30.549	0.001	resp	3	30549	PsychophysicsToolbox
30.554	0.001	resp	3	30554	PsychophysicsToolbox
30.559	0.001	resp	3	30559	PsychophysicsToolbox
30.564	0.001	resp	3	30564	PsychophysicsToolbox
30.569	0.001	resp	3	30569	PsychophysicsToolbox
30.574	0.001	resp	3	30574	PsychophysicsToolbox
30.579	0.001	resp	3	30579	PsychophysicsToolbox
30.584	0.001	resp	3	30584	PsychophysicsToolbox
30.589	0.001	resp	3	30589	PsychophysicsToolbox
31.006	0.001	stim_on	4	31006	PsychophysicsToolbox
31.944	0.001	resp	3	31944	PsychophysicsToolbox
31.951	0.001	resp	3	31951	PsychophysicsToolbox
31.956	0.001	resp	3	31956	PsychophysicsToolbox
31.961	0.001	resp	3	31961	PsychophysicsToolbox
31.966	0.001	resp	3	31966	PsychophysicsToolbox
31.971	0.001	resp	3	31971	PsychophysicsToolbox
31.976	0.001	resp	3	31976	PsychophysicsToolbox
31.981	0.001	resp	3	31981	PsychophysicsToolbox
31.986	0.001	resp	3	31986	PsychophysicsToolbox
31.991	0.001	resp	3	31991	PsychophysicsToolbox
32.001	0.001	resp	3	32001	PsychophysicsToolbox
32.006	0.001	resp	3	32006	PsychophysicsToolbox
32.011	0.001	resp	3	32011	PsychophysicsToolbox
32.016	0.001	resp	3	32016	PsychophysicsToolbox
32.021	0.001	resp	3	32021	PsychophysicsToolbox
32.026	0.001	resp	3	32026	PsychophysicsToolbox
32.031	0.001	resp	3	32031	PsychophysicsToolbox
32.036	0.001	resp	3	32036	PsychophysicsToolbox
32.041	0.001	resp	3	32041	PsychophysicsToolbox
32.046	0.001	resp	3	32046	PsychophysicsToolbox
32.056	0.001	resp	3	32056	PsychophysicsToolbox
32.061	0.001	resp	3	32061	PsychophysicsToolbox
32.659	0.001	stim_on	4	32659	PsychophysicsToolbox
33.534	0.001	resp	3	33534	PsychophysicsToolbox
33.541	0.001	resp	3	33541	PsychophysicsToolbox
33.546	0.001	resp	3	33546	PsychophysicsToolbox
33.551	0.001	resp	3	33551	PsychophysicsToolbox
33.556	0.001	resp	3	33556	PsychophysicsToolbox
33.561	0.001	resp	3	33561	PsychophysicsToolbox
33.566	0.001	resp	3	33566	PsychophysicsToolbox
33.571	0.001	resp	3	33571	PsychophysicsToolbox
33.576	0.001	resp	3	33576	PsychophysicsToolbox
33.581	0.001	resp	3	33581	PsychophysicsToolbox
33.591	0.001	resp	3	33591	PsychophysicsToolbox
33.596	0.001	resp	3	33596	PsychophysicsToolbox
33.601	0.001	resp	3	33601	PsychophysicsToolbox
33.606	0.001	resp	3	33606	PsychophysicsToolbox
33.611	0.001	resp	3	33611	PsychophysicsToolbox
33.616	0.001	resp	3	33616	PsychophysicsToolbox
33.621	0.001	resp	3	33621	PsychophysicsToolbox
33.626	0.001	resp	3	33626	PsychophysicsToolbox
33.631	0.001	resp	3	33631	PsychophysicsToolbox
33.636	0.001	resp	3	33636	PsychophysicsToolbox
33.646	0.001	resp	3	33646	PsychophysicsToolbox
33.652	0.001	resp	3	33652	PsychophysicsToolbox
33.657	0.001	resp	3	33657	PsychophysicsToolbox
33.662	0.001	resp	3	33662	PsychophysicsToolbox
33.978	0.001	stim_on	4	33978	PsychophysicsToolbox
34.888	0.001	resp	3	34888	PsychophysicsToolbox
34.894	0.001	resp	3	34894	PsychophysicsToolbox
34.899	0.001	resp	3	34899	PsychophysicsToolbox
34.904	0.001	resp	3	34904	PsychophysicsToolbox
34.909	0.001	resp	3	34909	PsychophysicsToolbox
34.914	0.001	resp	3	34914	PsychophysicsToolbox
34.919	0.001	resp	3	34919	PsychophysicsToolbox
34.925	0.001	resp	3	34925	PsychophysicsToolbox
34.93	0.001	resp	3	34930	PsychophysicsToolbox
34.935	0.001	resp	3	34935	PsychophysicsToolbox
34.945	0.001	resp	3	34945	PsychophysicsToolbox
34.95	0.001	resp	3	34950	PsychophysicsToolbox
34.955	0.001	resp	3	34955	PsychophysicsToolbox
34.96	0.001	resp	3	34960	PsychophysicsToolbox
34.965	0.001	resp	3	34965	PsychophysicsToolbox
34.97	0.001	resp	3	34970	PsychophysicsToolbox
34.975	0.001	resp	3	34975	PsychophysicsToolbox
34.98	0.001	resp	3	34980	PsychophysicsToolbox
35.43	0.001	stim_on	4	35430	PsychophysicsToolbox
36.274	0.001	resp	3	36274	PsychophysicsToolbox
36.281	0.001	resp	3	36281	PsychophysicsToolbox
36.286	0.001	resp	3	36286	PsychophysicsToolbox
36.291	0.001	resp	3	36291	PsychophysicsToolbox
36.296	0.001	resp	3	36296	PsychophysicsToolbox
36.301	0.001	resp	3	36301	PsychophysicsToolbox
36.306	0.001	resp	3	36306	PsychophysicsToolbox
36.311	0.001	resp	3	36311	PsychophysicsToolbox
36.317	0.001	resp	3	36317	PsychophysicsToolbox
36.322	0.001	resp	3	36322	PsychophysicsToolbox
36.332	0.001	resp	3	36332	PsychophysicsToolbox
36.337	0.001	resp	3	36337	PsychophysicsToolbox
36.342	0.001	resp	3	36342	PsychophysicsToolbox
36.347	0.001	resp	3	36347	PsychophysicsToolbox
36.352	0.001	resp	3	36352	PsychophysicsToolbox
36.357	0.001	resp	3	36357	PsychophysicsToolbox
36.362	0.001	resp	3	36362	PsychophysicsToolbox
36.367	0.001	resp	3	36367	PsychophysicsToolbox
36.372	0.001	resp	3	36372	PsychophysicsToolbox
36.377	0.001	resp	3	36377	PsychophysicsToolbox
36.387	0.001	resp	3	36387	PsychophysicsToolbox
37.134	0.001	stim_on	4	37134	PsychophysicsToolbox
37.96	0.001	resp	3	37960	PsychophysicsToolbox
37.967	0.001	resp	3	37967	PsychophysicsToolbox
37.972	0.001	resp	3	37972	PsychophysicsToolbox
37.977	0.001	resp	3	37977	PsychophysicsToolbox
37.982	0.001	resp	3	37982	PsychophysicsToolbox
37.987	0.001	resp	3	37987	PsychophysicsToolbox
37.992	0.001	resp	3	37992	PsychophysicsToolbox
37.997	0.001	resp	3	37997	PsychophysicsToolbox
38.002	0.001	resp	3	38002	PsychophysicsToolbox
38.007	0.001	resp	3	38007	PsychophysicsToolbox
38.017	0.001	resp	3	38017	PsychophysicsToolbox
38.022	0.001	resp	3	38022	PsychophysicsToolbox
38.027	0.001	resp	3	38027	PsychophysicsToolbox
38.032	0.001	resp	3	38032	PsychophysicsToolbox
38.037	0.001	resp	3	38037	PsychophysicsToolbox
38.042	0.001	resp	3	38042	PsychophysicsToolbox
38.047	0.001	resp	3	38047	PsychophysicsToolbox
38.052	0.001	resp	3	38052	PsychophysicsToolbox
38.057	0.001	resp	3	38057	PsychophysicsToolbox
38.062	0.001	resp	3	38062	PsychophysicsToolbox
38.072	0.001	resp	3	38072	PsychophysicsToolbox
38.077	0.001	resp	3	38077	PsychophysicsToolbox
38.082	0.001	resp	3	38082	PsychophysicsToolbox
38.087	0.001	resp	3	38087	PsychophysicsToolbox
38.093	0.001	resp	3	38093	PsychophysicsToolbox
38.687	0.001	stim_on	4	38687	PsychophysicsToolbox
39.517	0.001	resp	3	39517	PsychophysicsToolbox
39.524	0.001	resp	3	39524	PsychophysicsToolbox
39.529	0.001	resp	3	39529	PsychophysicsToolbox
39.534	0.001	resp	3	39534	PsychophysicsToolbox
39.539	0.001	resp	3	39539	PsychophysicsToolbox
39.544	0.001	resp	3	39544	PsychophysicsToolbox
39.549	0.001	resp	3	39549	PsychophysicsToolbox
39.554	0.001	resp	3	39554	PsychophysicsToolbox
39.559	0.001	resp	3	39559	PsychophysicsToolbox
39.564	0.001	resp	3	39564	PsychophysicsToolbox
39.574	0.001	resp	3	39574	PsychophysicsToolbox
39.579	0.001	resp	3	39579	PsychophysicsToolbox
39.585	0.001	resp	3	39585	PsychophysicsToolbox
39.59	0.001	resp	3	39590	PsychophysicsToolbox
39.595	0.001	resp	3	39595	PsychophysicsToolbox
39.6	0.001	resp	3	39600	PsychophysicsToolbox
39.605	0.001	resp	3	39605	PsychophysicsToolbox
39.61	0.001	resp	3	39610	PsychophysicsToolbox
39.615	0.001	resp	3	39615	PsychophysicsToolbox
39.625	0.001	resp	3	39625	PsychophysicsToolbox
39.63	0.001	resp	3	39630	PsychophysicsToolbox
40.373	0.001	stim_on	4	40373	PsychophysicsToolbox
41.278	0.001	resp	3	41278	PsychophysicsToolbox
41.285	0.001	resp	3	41285	PsychophysicsToolbox
41.29	0.001	resp	3	41290	PsychophysicsToolbox
41.295	0.001	resp	3	41295	PsychophysicsToolbox
41.3	0.001	resp	3	41300	PsychophysicsToolbox
41.305	0.001	resp	3	41305	PsychophysicsToolbox
41.31	0.001	resp	3	41310	PsychophysicsToolbox
41.315	0.001	resp	3	41315	PsychophysicsToolbox
41.32	0.001	resp	3	41320	PsychophysicsToolbox
41.325	0.001	resp	3	41325	PsychophysicsToolbox
41.335	0.001	resp	3	41335	PsychophysicsToolbox
41.34	0.001	resp	3	41340	PsychophysicsToolbox
41.345	0.001	resp	3	41345	PsychophysicsToolbox
41.35	0.001	resp	3	41350	PsychophysicsToolbox
41.355	0.001	resp	3	41355	PsychophysicsToolbox
41.36	0.001	resp	3	41360	PsychophysicsToolbox
41.365	0.001	resp	3	41365	PsychophysicsToolbox
41.37	0.001	resp	3	41370	PsychophysicsToolbox
41.375	0.001	resp	3	41375	PsychophysicsToolbox
41.38	0.001	resp	3	41380	PsychophysicsToolbox
41.391	0.001	resp	3	41391	PsychophysicsToolbox
41.396	0.001	resp	3	41396	PsychophysicsToolbox
41.401	0.001	resp	3	41401	PsychophysicsToolbox
41.406	0.001	resp	3	41406	PsychophysicsToolbox
41.976	0.001	stim_on	4	41976	PsychophysicsToolbox
42.955	0.001	resp	3	42955	PsychophysicsToolbox
42.962	0.001	resp	3	42962	PsychophysicsToolbox
42.967	0.001	resp	3	42967	PsychophysicsToolbox
42.972	0.001	resp	3	42972	PsychophysicsToolbox
42.977	0.001	resp	3	42977	PsychophysicsToolbox
42.982	0.001	resp	3	42982	PsychophysicsToolbox
42.987	0.001	resp	3	42987	PsychophysicsToolbox
42.992	0.001	resp	3	42992	PsychophysicsToolbox
42.997	0.001	resp	3	42997	PsychophysicsToolbox
43.003	0.001	resp	3	43003	PsychophysicsToolbox
43.013	0.001	resp	3	43013	PsychophysicsToolbox
43.018	0.001	resp	3	43018	PsychophysicsToolbox
43.023	0.001	resp	3	43023	PsychophysicsToolbox
43.028	0.001	resp	3	43028	PsychophysicsToolbox
43.033	0.001	resp	3	43033	PsychophysicsToolbox
43.038	0.001	resp	3	43038	PsychophysicsToolbox
43.043	0.001	resp	3	43043	PsychophysicsToolbox
43.048	0.001	resp	3	43048	PsychophysicsToolbox
43.053	0.001	resp	3	43053	PsychophysicsToolbox
43.058	0.001	resp	3	43058	PsychophysicsToolbox
43.068	0.001	resp	3	43068	PsychophysicsToolbox
43.073	0.001	resp	3	43073	PsychophysicsToolbox
43.078	0.001	resp	3	43078	PsychophysicsToolbox
43.083	0.001	resp	3	43083	PsychophysicsToolbox
43.088	0.001	resp	3	43088	PsychophysicsToolbox
43.093	0.001	resp	3	43093	PsychophysicsToolbox
43.098	0.001	resp	3	43098	PsychophysicsToolbox
43.103	0.001	resp	3	43103	PsychophysicsToolbox
43.108	0.001	resp	3	43108	PsychophysicsToolbox
43.113	0.001	resp	3	43113	PsychophysicsToolbox
43.679	0.001	stim_on	4	43679	PsychophysicsToolbox
44.633	0.001	resp	3	44633	PsychophysicsToolbox
44.64	0.001	resp	3	44640	PsychophysicsToolbox
44.645	0.001	resp	3	44645	PsychophysicsToolbox
44.65	0.001	resp	3	44650	PsychophysicsToolbox
44.655	0.001	resp	3	44655	PsychophysicsToolbox
44.66	0.001	resp	3	44660	PsychophysicsToolbox
44.665	0.001	resp	3	44665	PsychophysicsToolbox
44.67	0.001	resp	3	44670	PsychophysicsToolbox
44.675	0.001	resp	3	44675	PsychophysicsToolbox
44.68	0.001	resp	3	44680	PsychophysicsToolbox
44.69	0.001	resp	3	44690	PsychophysicsToolbox
44.695	0.001	resp	3	44695	PsychophysicsToolbox
44.7	0.001	resp	3	44700	PsychophysicsToolbox
44.705	0.001	resp	3	44705	PsychophysicsToolbox
44.711	0.001	resp	3	44711	PsychophysicsToolbox
44.716	0.001	resp	3	44716	PsychophysicsToolbox
44.721	0.001	resp	3	44721	PsychophysicsToolbox
44.726	0.001	resp	3	44726	PsychophysicsToolbox
44.731	0.001	resp	3	44731	PsychophysicsToolbox
44.741	0.001	resp	3	44741	PsychophysicsToolbox
44.746	0.001	resp	3	44746	PsychophysicsToolbox
44.751	0.001	resp	3	44751	PsychophysicsToolbox
44.756	0.001	resp	3	44756	PsychophysicsToolbox
45.098	0.001	stim_on	4	45098	PsychophysicsToolbox
46.054	0.001	resp	3	46054	PsychophysicsToolbox
46.061	0.001	resp	3	46061	PsychophysicsToolbox
46.066	0.001	resp	3	46066	PsychophysicsToolbox
46.071	0.001	resp	3	46071	PsychophysicsToolbox
46.076	0.001	resp	3	46076	PsychophysicsToolbox
46.081	0.001	resp	3	46081	PsychophysicsToolbox
46.086	0.001	resp	3	46086	PsychophysicsToolbox
46.091	0.001	resp	3	46091	PsychophysicsToolbox
46.096	0.001	resp	3	46096	PsychophysicsToolbox
46.101	0.001	resp	3	46101	PsychophysicsToolbox
46.111	0.001	resp	3	46111	PsychophysicsToolbox
46.116	0.001	resp	3	46116	PsychophysicsToolbox
46.121	0.001	resp	3	46121	PsychophysicsToolbox
46.126	0.001	resp	3	46126	PsychophysicsToolbox
46.131	0.001	resp	3	46131	PsychophysicsToolbox
46.136	0.001	resp	3	46136	PsychophysicsToolbox
46.141	0.001	resp	3	46141	PsychophysicsToolbox
46.146	0.001	resp	3	46146	PsychophysicsToolbox
46.151	0.001	resp	3	46151	PsychophysicsToolbox
46.156	0.001	resp	3	46156	PsychophysicsToolbox
46.166	0.001	resp	3	46166	PsychophysicsToolbox
46.668	0.001	stim_on	4	46668	PsychophysicsToolbox
47.558	0.001	resp	3	47558	PsychophysicsToolbox
47.565	0.001	resp	3	47565	PsychophysicsToolbox
47.57	0.001	resp	3	47570	PsychophysicsToolbox
47.575	0.001	resp	3	47575	PsychophysicsToolbox
47.58	0.001	resp	3	47580	PsychophysicsToolbox
47.585	0.001	resp	3	47585	PsychophysicsToolbox
47.59	0.001	resp	3	47590	PsychophysicsToolbox
47.595	0.001	resp	3	47595	PsychophysicsToolbox
47.6	0.001	resp	3	47600	PsychophysicsToolbox
47.605	0.001	resp	3	47605	PsychophysicsToolbox
47.615	0.001	resp	3	47615	PsychophysicsToolbox
47.62	0.001	resp	3	47620	PsychophysicsToolbox
47.625	0.001	resp	3	47625	PsychophysicsToolbox
47.63	0.001	resp	3	47630	PsychophysicsToolbox
47.635	0.001	resp	3	47635	PsychophysicsToolbox
47.64	0.001	resp	3	47640	PsychophysicsToolbox
47.645	0.001	resp	3	47645	PsychophysicsToolbox
47.65	0.001	resp	3	47650	PsychophysicsToolbox
47.655	0.001	resp	3	47655	PsychophysicsToolbox
47.66	0.001	resp	3	47660	PsychophysicsToolbox
47.67	0.001	resp	3	47670	PsychophysicsToolbox
47.675	0.001	resp	3	47675	PsychophysicsToolbox
47.68	0.001	resp	3	47680	PsychophysicsToolbox
47.685	0.001	resp	3	47685	PsychophysicsToolbox
48.288	0.001	stim_on	4	48288	PsychophysicsToolbox
49.121	0.001	resp	3	49121	PsychophysicsToolbox
49.127	0.001	resp	3	49127	PsychophysicsToolbox
49.132	0.001	resp	3	49132	PsychophysicsToolbox
49.137	0.001	resp	3	49137	PsychophysicsToolbox
49.143	0.001	resp	3	49143	PsychophysicsToolbox
49.148	0.001	resp	3	49148	PsychophysicsToolbox
49.153	0.001	resp	3	49153	PsychophysicsToolbox
49.158	0.001	resp	3	49158	PsychophysicsToolbox
49.163	0.001	resp	3	49163	PsychophysicsToolbox
49.168	0.001	resp	3	49168	PsychophysicsToolbox
49.178	0.001	resp	3	49178	PsychophysicsToolbox
49.183	0.001	resp	3	49183	PsychophysicsToolbox
49.188	0.001	resp	3	49188	PsychophysicsToolbox
49.193	0.001	resp	3	49193	PsychophysicsToolbox
49.198	0.001	resp	3	49198	PsychophysicsToolbox
49.203	0.001	resp	3	49203	PsychophysicsToolbox
49.208	0.001	resp	3	49208	PsychophysicsToolbox
49.213	0.001	resp	3	49213	PsychophysicsToolbox
49.218	0.001	resp	3	49218	PsychophysicsToolbox
49.223	0.001	resp	3	49223	PsychophysicsToolbox
49.233	0.001	resp	3	49233	PsychophysicsToolbox
49.238	0.001	resp	3	49238	PsychophysicsToolbox
49.243	0.001	resp	3	49243	PsychophysicsToolbox
49.248	0.001	resp	3	49248	PsychophysicsToolbox
49.253	0.001	resp	3	49253	PsychophysicsToolbox
49.974	0.001	stim_on	4	49974	PsychophysicsToolbox
50.851	0.001	resp	3	50851	PsychophysicsToolbox
50.858	0.001	resp	3	50858	PsychophysicsToolbox
50.863	0.001	resp	3	50863	PsychophysicsToolbox
50.868	0.001	resp	3	50868	PsychophysicsToolbox
50.873	0.001	resp	3	50873	PsychophysicsToolbox
50.878	0.001	resp	3	50878	PsychophysicsToolbox
50.883	0.001	resp	3	50883	PsychophysicsToolbox
50.888	0.001	resp	3	50888	PsychophysicsToolbox
50.893	0.001	resp	3	50893	PsychophysicsToolbox
50.898	0.001	resp	3	50898	PsychophysicsToolbox
50.908	0.001	resp	3	50908	PsychophysicsToolbox
50.913	0.001	resp	3	50913	PsychophysicsToolbox
50.918	0.001	resp	3	50918	PsychophysicsToolbox
50.923	0.001	resp	3	50923	PsychophysicsToolbox
50.928	0.001	resp	3	50928	PsychophysicsToolbox
50.933	0.001	resp	3	50933	PsychophysicsToolbox
50.938	0.001	resp	3	50938	PsychophysicsToolbox
50.944	0.001	resp	3	50944	PsychophysicsToolbox
50.949	0.001	resp	3	50949	PsychophysicsToolbox
50.959	0.001	resp	3	50959	PsychophysicsToolbox
50.964	0.001	resp	3	50964	PsychophysicsToolbox
50.969	0.001	resp	3	50969	PsychophysicsToolbox
50.974	0.001	resp	3	50974	PsychophysicsToolbox
50.979	0.001	resp	3	50979	PsychophysicsToolbox
50.984	0.001	resp	3	50984	PsychophysicsToolbox
50.989	0.001	resp	3	50989	PsychophysicsToolbox
50.994	0.001	resp	3	50994	PsychophysicsToolbox
51.661	0.001	stim_on	4	51661	PsychophysicsToolbox
52.565	0.001	resp	3	52565	PsychophysicsToolbox
52.571	0.001	resp	3	52571	PsychophysicsToolbox
52.576	0.001	resp	3	52576	PsychophysicsToolbox
52.582	0.001	resp	3	52582	PsychophysicsToolbox
52.587	0.001	resp	3	52587	PsychophysicsToolbox
52.592	0.001	resp	3	52592	PsychophysicsToolbox
52.597	0.001	resp	3	52597	PsychophysicsToolbox
52.602	0.001	resp	3	52602	PsychophysicsToolbox
52.607	0.001	resp	3	52607	PsychophysicsToolbox
52.612	0.001	resp	3	52612	PsychophysicsToolbox
52.622	0.001	resp	3	52622	PsychophysicsToolbox
52.627	0.001	resp	3	52627	PsychophysicsToolbox
52.632	0.001	resp	3	52632	PsychophysicsToolbox
52.637	0.001	resp	3	52637	PsychophysicsToolbox
52.642	0.001	resp	3	52642	PsychophysicsToolbox
52.647	0.001	resp	3	52647	PsychophysicsToolbox
52.652	0.001	resp	3	52652	PsychophysicsToolbox
52.657	0.001	resp	3	52657	PsychophysicsToolbox
52.662	0.001	resp	3	52662	PsychophysicsToolbox
53.23	0.001	stim_on	4	53230	PsychophysicsToolbox
54.205	0.001	resp	3	54205	PsychophysicsToolbox
54.212	0.001	resp	3	54212	PsychophysicsToolbox
54.217	0.001	resp	3	54217	PsychophysicsToolbox
54.222	0.001	resp	3	54222	PsychophysicsToolbox
54.227	0.001	resp	3	54227	PsychophysicsToolbox
54.232	0.001	resp	3	54232	PsychophysicsToolbox
54.237	0.001	resp	3	54237	PsychophysicsToolbox
54.242	0.001	resp	3	54242	PsychophysicsToolbox
54.247	0.001	resp	3	54247	PsychophysicsToolbox
54.253	0.001	resp	3	54253	PsychophysicsToolbox
54.263	0.001	resp	3	54263	PsychophysicsToolbox
54.268	0.001	resp	3	54268	PsychophysicsToolbox
54.273	0.001	resp	3	54273	PsychophysicsToolbox
54.278	0.001	resp	3	54278	PsychophysicsToolbox
54.283	0.001	resp	3	54283	PsychophysicsToolbox
54.288	0.001	resp	3	54288	PsychophysicsToolbox
54.293	0.001	resp	3	54293	PsychophysicsToolbox
54.8	0.001	stim_on	4	54800	PsychophysicsToolbox
56.022	0.001	resp	3	56022	PsychophysicsToolbox
56.029	0.001	resp	3	56029	PsychophysicsToolbox
56.034	0.001	resp	3	56034	PsychophysicsToolbox
56.039	0.001	resp	3	56039	PsychophysicsToolbox
56.044	0.001	resp	3	56044	PsychophysicsToolbox
56.049	0.001	resp	3	56049	PsychophysicsToolbox
56.054	0.001	resp	3	56054	PsychophysicsToolbox
56.059	0.001	resp	3	56059	PsychophysicsToolbox
56.064	0.001	resp	3	56064	PsychophysicsToolbox
56.069	0.001	resp	3	56069	PsychophysicsToolbox
56.079	0.001	resp	3	56079	PsychophysicsToolbox
56.084	0.001	resp	3	56084	PsychophysicsToolbox
56.089	0.001	resp	3	56089	PsychophysicsToolbox
56.094	0.001	resp	3	56094	PsychophysicsToolbox
56.099	0.001	resp	3	56099	PsychophysicsToolbox
56.104	0.001	resp	3	56104	PsychophysicsToolbox
56.109	0.001	resp	3	56109	PsychophysicsToolbox
56.114	0.001	resp	3	56114	PsychophysicsToolbox
56.119	0.001	resp	3	56119	PsychophysicsToolbox
56.124	0.001	resp	3	56124	PsychophysicsToolbox
56.134	0.001	resp	3	56134	PsychophysicsToolbox
56.139	0.001	resp	3	56139	PsychophysicsToolbox
56.144	0.001	resp	3	56144	PsychophysicsToolbox
56.149	0.001	resp	3	56149	PsychophysicsToolbox
56.155	0.001	resp	3	56155	PsychophysicsToolbox
56.16	0.001	resp	3	56160	PsychophysicsToolbox
56.165	0.001	resp	3	56165	PsychophysicsToolbox
56.286	0.001	stim_on	4	56286	PsychophysicsToolbox
57.37	0.001	resp	3	57370	PsychophysicsToolbox
57.377	0.001	resp	3	57377	PsychophysicsToolbox
57.382	0.001	resp	3	57382	PsychophysicsToolbox
57.387	0.001	resp	3	57387	PsychophysicsToolbox
57.392	0.001	resp	3	57392	PsychophysicsToolbox
57.397	0.001	resp	3	57397	PsychophysicsToolbox
57.402	0.001	resp	3	57402	PsychophysicsToolbox
57.407	0.001	resp	3	57407	PsychophysicsToolbox
57.412	0.001	resp	3	57412	PsychophysicsToolbox
57.417	0.001	resp	3	57417	PsychophysicsToolbox
57.427	0.001	resp	3	57427	PsychophysicsToolbox
57.432	0.001	resp	3	57432	PsychophysicsToolbox
57.437	0.001	resp	3	57437	PsychophysicsToolbox
57.442	0.001	resp	3	57442	PsychophysicsToolbox
57.447	0.001	resp	3	57447	PsychophysicsToolbox
57.452	0.001	resp	3	57452	PsychophysicsToolbox
57.457	0.001	resp	3	57457	PsychophysicsToolbox
57.462	0.001	resp	3	57462	PsychophysicsToolbox
57.467	0.001	resp	3	57467	PsychophysicsToolbox
57.472	0.001	resp	3	57472	PsychophysicsToolbox
57.482	0.001	resp	3	57482	PsychophysicsToolbox
57.487	0.001	resp	3	57487	PsychophysicsToolbox
57.688	0.001	stim_on	4	57688	PsychophysicsToolbox
58.726	0.001	resp	3	58726	PsychophysicsToolbox
58.733	0.001	resp	3	58733	PsychophysicsToolbox
58.738	0.001	resp	3	58738	PsychophysicsToolbox
58.743	0.001	resp	3	58743	PsychophysicsToolbox
58.748	0.001	resp	3	58748	PsychophysicsToolbox
58.753	0.001	resp	3	58753	PsychophysicsToolbox
58.758	0.001	resp	3	58758	PsychophysicsToolbox
58.763	0.001	resp	3	58763	PsychophysicsToolbox
58.769	0.001	resp	3	58769	PsychophysicsToolbox
58.774	0.001	resp	3	58774	PsychophysicsToolbox
58.784	0.001	resp	3	58784	PsychophysicsToolbox
58.789	0.001	resp	3	58789	PsychophysicsToolbox
58.794	0.001	resp	3	58794	PsychophysicsToolbox
58.799	0.001	resp	3	58799	PsychophysicsToolbox
58.804	0.001	resp	3	58804	PsychophysicsToolbox
58.809	0.001	resp	3	58809	PsychophysicsToolbox
58.814	0.001	resp	3	58814	PsychophysicsToolbox
58.819	0.001	resp	3	58819	PsychophysicsToolbox
58.824	0.001	resp	3	58824	PsychophysicsToolbox
58.829	0.001	resp	3	58829	PsychophysicsToolbox
58.839	0.001	resp	3	58839	PsychophysicsToolbox
58.844	0.001	resp	3	58844	PsychophysicsToolbox
58.849	0.001	resp	3	58849	PsychophysicsToolbox
59.225	0.001	stim_on	4	59225	PsychophysicsToolbox
60.189	0.001	resp	3	60189	PsychophysicsToolbox
60.196	0.001	resp	3	60196	PsychophysicsToolbox
60.201	0.001	resp	3	60201	PsychophysicsToolbox
60.206	0.001	resp	3	60206	PsychophysicsToolbox
60.211	0.001	resp	3	60211	PsychophysicsToolbox
60.216	0.001	resp	3	60216	PsychophysicsToolbox
60.221	0.001	resp	3	60221	PsychophysicsToolbox
60.226	0.001	resp	3	60226	PsychophysicsToolbox
60.231	0.001	resp	3	60231	PsychophysicsToolbox
60.236	0.001	resp	3	60236	PsychophysicsToolbox
60.246	0.001	resp	3	60246	PsychophysicsToolbox
60.251	0.001	resp	3	60251	PsychophysicsToolbox
60.256	0.001	resp	3	60256	PsychophysicsToolbox
60.261	0.001	resp	3	60261	PsychophysicsToolbox
60.266	0.001	resp	3	60266	PsychophysicsToolbox
60.271	0.001	resp	3	60271	PsychophysicsToolbox
60.276	0.001	resp	3	60276	PsychophysicsToolbox
60.281	0.001	resp	3	60281	PsychophysicsToolbox
60.286	0.001	resp	3	60286	PsychophysicsToolbox
60.291	0.001	resp	3	60291	PsychophysicsToolbox
60.301	0.001	resp	3	60301	PsychophysicsToolbox
60.844	0.001	stim_on	4	60844	PsychophysicsToolbox
61.724	0.001	resp	3	61724	PsychophysicsToolbox
61.73	0.001	resp	3	61730	PsychophysicsToolbox
61.735	0.001	resp	3	61735	PsychophysicsToolbox
61.74	0.001	resp	3	61740	PsychophysicsToolbox
61.745	0.001	resp	3	61745	PsychophysicsToolbox
61.75	0.001	resp	3	61750	PsychophysicsToolbox
61.756	0.001	resp	3	61756	PsychophysicsToolbox
61.761	0.001	resp	3	61761	PsychophysicsToolbox
61.766	0.001	resp	3	61766	PsychophysicsToolbox
61.771	0.001	resp	3	61771	PsychophysicsToolbox
61.781	0.001	resp	3	61781	PsychophysicsToolbox
61.786	0.001	resp	3	61786	PsychophysicsToolbox
61.791	0.001	resp	3	61791	PsychophysicsToolbox
61.796	0.001	resp	3	61796	PsychophysicsToolbox
61.801	0.001	resp	3	61801	PsychophysicsToolbox
61.806	0.001	resp	3	61806	PsychophysicsToolbox
61.811	0.001	resp	3	61811	PsychophysicsToolbox
61.816	0.001	resp	3	61816	PsychophysicsToolbox
61.821	0.001	resp	3	61821	PsychophysicsToolbox
61.826	0.001	resp	3	61826	PsychophysicsToolbox
61.836	0.001	resp	3	61836	PsychophysicsToolbox
61.841	0.001	resp	3	61841	PsychophysicsToolbox
61.846	0.001	resp	3	61846	PsychophysicsToolbox
61.851	0.001	resp	3	61851	PsychophysicsToolbox
61.856	0.001	resp	3	61856	PsychophysicsToolbox
61.861	0.001	resp	3	61861	PsychophysicsToolbox
61.866	0.001	resp	3	61866	PsychophysicsToolbox
61.871	0.001	resp	3	61871	PsychophysicsToolbox
61.876	0.001	resp	3	61876	PsychophysicsToolbox
61.881	0.001	resp	3	61881	PsychophysicsToolbox
62.163	0.001	stim_on	4	62163	PsychophysicsToolbox
63.139	0.001	resp	3	63139	PsychophysicsToolbox
63.146	0.001	resp	3	63146	PsychophysicsToolbox
63.151	0.001	resp	3	63151	PsychophysicsToolbox
63.156	0.001	resp	3	63156	PsychophysicsToolbox
63.161	0.001	resp	3	63161	PsychophysicsToolbox
63.166	0.001	resp	3	63166	PsychophysicsToolbox
63.171	0.001	resp	3	63171	PsychophysicsToolbox
63.176	0.001	resp	3	63176	PsychophysicsToolbox
63.181	0.001	resp	3	63181	PsychophysicsToolbox
63.186	0.001	resp	3	63186	PsychophysicsToolbox
63.196	0.001	resp	3	63196	PsychophysicsToolbox
63.201	0.001	resp	3	63201	PsychophysicsToolbox
63.206	0.001	resp	3	63206	PsychophysicsToolbox
63.211	0.001	resp	3	63211	PsychophysicsToolbox
63.216	0.001	resp	3	63216	PsychophysicsToolbox
63.221	0.001	resp	3	63221	PsychophysicsToolbox
63.226	0.001	resp	3	63226	PsychophysicsToolbox
63.231	0.001	resp	3	63231	PsychophysicsToolbox
63.783	0.001	stim_on	4	63783	PsychophysicsToolbox
64.573	0.001	resp	3	64573	PsychophysicsToolbox
64.58	0.001	resp	3	64580	PsychophysicsToolbox
64.585	0.001	resp	3	64585	PsychophysicsToolbox
64.59	0.001	resp	3	64590	PsychophysicsToolbox
64.595	0.001	resp	3	64595	PsychophysicsToolbox
64.6	0.001	resp	3	64600	PsychophysicsToolbox
64.605	0.001	resp	3	64605	PsychophysicsToolbox
64.61	0.001	resp	3	64610	PsychophysicsToolbox
64.615	0.001	resp	3	64615	PsychophysicsToolbox
64.62	0.001	resp	3	64620	PsychophysicsToolbox
64.63	0.001	resp	3	64630	PsychophysicsToolbox
64.635	0.001	resp	3	64635	PsychophysicsToolbox
64.64	0.001	resp	3	64640	PsychophysicsToolbox
64.645	0.001	resp	3	64645	PsychophysicsToolbox
64.65	0.001	resp	3	64650	PsychophysicsToolbox
64.655	0.001	resp	3	64655	PsychophysicsToolbox
64.66	0.001	resp	3	64660	PsychophysicsToolbox
64.665	0.001	resp	3	64665	PsychophysicsToolbox
64.67	0.001	resp	3	64670	PsychophysicsToolbox
64.675	0.001	resp	3	64675	PsychophysicsToolbox
64.685	0.001	resp	3	64685	PsychophysicsToolbox
64.69	0.001	resp	3	64690	PsychophysicsToolbox
64.695	0.001	resp	3	64695	PsychophysicsToolbox
64.701	0.001	resp	3	64701	PsychophysicsToolbox
64.706	0.001	resp	3	64706	PsychophysicsToolbox
64.711	0.001	resp	3	64711	PsychophysicsToolbox
64.716	0.001	resp	3	64716	PsychophysicsToolbox
64.721	0.001	resp	3	64721	PsychophysicsToolbox
65.453	0.001	stim_on	4	65453	PsychophysicsToolbox
66.307	0.001	resp	3	66307	PsychophysicsToolbox
66.313	0.001	resp	3	66313	PsychophysicsToolbox
66.318	0.001	resp	3	66318	PsychophysicsToolbox
66.323	0.001	resp	3	66323	PsychophysicsToolbox
66.329	0.001	resp	3	66329	PsychophysicsToolbox
66.334	0.001	resp	3	66334	PsychophysicsToolbox
66.339	0.001	resp	3	66339	PsychophysicsToolbox
66.344	0.001	resp	3	66344	PsychophysicsToolbox
66.349	0.001	resp	3	66349	PsychophysicsToolbox
66.354	0.001	resp	3	66354	PsychophysicsToolbox
66.364	0.001	resp	3	66364	PsychophysicsToolbox
66.369	0.001	resp	3	66369	PsychophysicsToolbox
66.374	0.001	resp	3	66374	PsychophysicsToolbox
66.379	0.001	resp	3	66379	PsychophysicsToolbox
66.384	0.001	resp	3	66384	PsychophysicsToolbox
66.389	0.001	resp	3	66389	PsychophysicsToolbox
66.394	0.001	resp	3	66394	PsychophysicsToolbox
66.399	0.001	resp	3	66399	PsychophysicsToolbox
66.404	0.001	resp	3	66404	PsychophysicsToolbox
66.409	0.001	resp	3	66409	PsychophysicsToolbox
66.419	0.001	resp	3	66419	PsychophysicsToolbox
67.072	0.001	stim_on	4	67072	PsychophysicsToolbox
67.925	0.001	resp	3	67925	PsychophysicsToolbox
67.932	0.001	resp	3	67932	PsychophysicsToolbox
67.937	0.001	resp	3	67937	PsychophysicsToolbox
67.942	0.001	resp	3	67942	PsychophysicsToolbox
67.947	0.001	resp	3	67947	PsychophysicsToolbox
67.952	0.001	resp	3	67952	PsychophysicsToolbox
67.957	0.001	resp	3	67957	PsychophysicsToolbox
67.962	0.001	resp	3	67962	PsychophysicsToolbox
67.967	0.001	resp	3	67967	PsychophysicsToolbox
67.972	0.001	resp	3	67972	PsychophysicsToolbox
67.982	0.001	resp	3	67982	PsychophysicsToolbox
67.987	0.001	resp	3	67987	PsychophysicsToolbox
67.992	0.001	resp	3	67992	PsychophysicsToolbox
67.997	0.001	resp	3	67997	PsychophysicsToolbox
68.002	0.001	resp	3	68002	PsychophysicsToolbox
68.007	0.001	resp	3	68007	PsychophysicsToolbox
68.012	0.001	resp	3	68012	PsychophysicsToolbox
68.017	0.001	resp	3	68017	PsychophysicsToolbox
68.022	0.001	resp	3	68022	PsychophysicsToolbox
68.027	0.001	resp	3	68027	PsychophysicsToolbox
68.037	0.001	resp	3	68037	PsychophysicsToolbox
68.442	0.001	stim_on	4	68442	PsychophysicsToolbox
69.446	0.001	resp	3	69446	PsychophysicsToolbox
69.453	0.001	resp	3	69453	PsychophysicsToolbox
69.458	0.001	resp	3	69458	PsychophysicsToolbox
69.463	0.001	resp	3	69463	PsychophysicsToolbox
69.468	0.001	resp	3	69468	PsychophysicsToolbox
69.473	0.001	resp	3	69473	PsychophysicsToolbox
69.478	0.001	resp	3	69478	PsychophysicsToolbox
69.483	0.001	resp	3	69483	PsychophysicsToolbox
69.488	0.001	resp	3	69488	PsychophysicsToolbox
69.493	0.001	resp	3	69493	PsychophysicsToolbox
69.503	0.001	resp	3	69503	PsychophysicsToolbox
69.508	0.001	resp	3	69508	PsychophysicsToolbox
69.513	0.001	resp	3	69513	PsychophysicsToolbox
69.518	0.001	resp	3	69518	PsychophysicsToolbox
69.523	0.001	resp	3	69523	PsychophysicsToolbox
69.528	0.001	resp	3	69528	PsychophysicsToolbox
69.533	0.001	resp	3	69533	PsychophysicsToolbox
69.538	0.001	resp	3	69538	PsychophysicsToolbox
69.543	0.001	resp	3	69543	PsychophysicsToolbox
69.548	0.001	resp	3	69548	PsychophysicsToolbox
70.028	0.001	stim_on	4	70028	PsychophysicsToolbox
70.897	0.001	resp	3	70897	PsychophysicsToolbox
70.904	0.001	resp	3	70904	PsychophysicsToolbox
70.909	0.001	resp	3	70909	PsychophysicsToolbox
70.914	0.001	resp	3	70914	PsychophysicsToolbox
70.919	0.001	resp	3	70919	PsychophysicsToolbox
70.924	0.001	resp	3	70924	PsychophysicsToolbox
70.929	0.001	resp	3	70929	PsychophysicsToolbox
70.934	0.001	resp	3	70934	PsychophysicsToolbox
70.939	0.001	resp	3	70939	PsychophysicsToolbox
70.944	0.001	resp	3	70944	PsychophysicsToolbox
70.954	0.001	resp	3	70954	PsychophysicsToolbox
70.959	0.001	resp	3	70959	PsychophysicsToolbox
70.964	0.001	resp	3	70964	PsychophysicsToolbox
70.969	0.001	resp	3	70969	PsychophysicsToolbox
70.974	0.001	resp	3	70974	PsychophysicsToolbox
70.979	0.001	resp	3	70979	PsychophysicsToolbox
70.984	0.001	resp	3	70984	PsychophysicsToolbox
70.989	0.001	resp	3	70989	PsychophysicsToolbox
70.994	0.001	resp	3	70994	PsychophysicsToolbox
70.999	0.001	resp	3	70999	PsychophysicsToolbox
71.009	0.001	resp	3	71009	PsychophysicsToolbox
71.014	0.001	resp	3	71014	PsychophysicsToolbox
71.019	0.001	resp	3	71019	PsychophysicsToolbox
71.024	0.001	resp	3	71024	PsychophysicsToolbox
71.029	0.001	resp	3	71029	PsychophysicsToolbox
71.034	0.001	resp	3	71034	PsychophysicsToolbox
71.039	0.001	resp	3	71039	PsychophysicsToolbox
71.045	0.001	resp	3	71045	PsychophysicsToolbox
71.05	0.001	resp	3	71050	PsychophysicsToolbox
71.06	0.001	resp	3	71060	PsychophysicsToolbox
71.065	0.001	resp	3	71065	PsychophysicsToolbox
71.07	0.001	resp	3	71070	PsychophysicsToolbox
71.698	0.001	stim_on	4	71698	PsychophysicsToolbox
72.583	0.001	resp	3	72583	PsychophysicsToolbox
72.59	0.001	resp	3	72590	PsychophysicsToolbox
72.595	0.001	resp	3	72595	PsychophysicsToolbox
72.6	0.001	resp	3	72600	PsychophysicsToolbox
72.605	0.001	resp	3	72605	PsychophysicsToolbox
72.61	0.001	resp	3	72610	PsychophysicsToolbox
72.615	0.001	resp	3	72615	PsychophysicsToolbox
72.62	0.001	resp	3	72620	PsychophysicsToolbox
72.625	0.001	resp	3	72625	PsychophysicsToolbox
72.63	0.001	resp	3	72630	PsychophysicsToolbox
72.64	0.001	resp	3	72640	PsychophysicsToolbox
72.645	0.001	resp	3	72645	PsychophysicsToolbox
72.65	0.001	resp	3	72650	PsychophysicsToolbox
72.655	0.001	resp	3	72655	PsychophysicsToolbox
72.66	0.001	resp	3	72660	PsychophysicsToolbox
72.665	0.001	resp	3	72665	PsychophysicsToolbox
72.67	0.001	resp	3	72670	PsychophysicsToolbox
72.675	0.001	resp	3	72675	PsychophysicsToolbox
72.68	0.001	resp	3	72680	PsychophysicsToolbox
72.685	0.001	resp	3	72685	PsychophysicsToolbox
72.695	0.001	resp	3	72695	PsychophysicsToolbox
72.701	0.001	resp	3	72701	PsychophysicsToolbox
72.706	0.001	resp	3	72706	PsychophysicsToolbox
72.711	0.001	resp	3	72711	PsychophysicsToolbox
73.267	0.001	stim_on	4	73267	PsychophysicsToolbox
74.188	0.001	resp	3	74188	PsychophysicsToolbox
74.194	0.001	resp	3	74194	PsychophysicsToolbox
74.2	0.001	resp	3	74200	PsychophysicsToolbox
74.205	0.001	resp	3	74205	PsychophysicsToolbox
74.21	0.001	resp	3	74210	PsychophysicsToolbox
74.215	0.001	resp	3	74215	PsychophysicsToolbox
74.22	0.001	resp	3	74220	PsychophysicsToolbox
74.225	0.001	resp	3	74225	PsychophysicsToolbox
74.23	0.001	resp	3	74230	PsychophysicsToolbox
74.235	0.001	resp	3	74235	PsychophysicsToolbox
74.245	0.001	resp	3	74245	PsychophysicsToolbox
74.25	0.001	resp	3	74250	PsychophysicsToolbox
74.255	0.001	resp	3	74255	PsychophysicsToolbox
74.26	0.001	resp	3	74260	PsychophysicsToolbox
74.265	0.001	resp	3	74265	PsychophysicsToolbox
74.27	0.001	resp	3	74270	PsychophysicsToolbox
74.275	0.001	resp	3	74275	PsychophysicsToolbox
74.28	0.001	resp	3	74280	PsychophysicsToolbox
74.285	0.001	resp	3	74285	PsychophysicsToolbox
74.29	0.001	resp	3	74290	PsychophysicsToolbox
74.3	0.001	resp	3	74300	PsychophysicsToolbox
74.305	0.001	resp	3	74305	PsychophysicsToolbox
74.31	0.001	resp	3	74310	PsychophysicsToolbox
74.315	0.001	resp	3	74315	PsychophysicsToolbox
74.32	0.001	resp	3	74320	PsychophysicsToolbox
74.954	0.001	stim_on	4	74954	PsychophysicsToolbox
75.848	0.001	resp	3	75848	PsychophysicsToolbox
75.855	0.001	resp	3	75855	PsychophysicsToolbox
75.86	0.001	resp	3	75860	PsychophysicsToolbox
75.865	0.001	resp	3	75865	PsychophysicsToolbox
75.87	0.001	resp	3	75870	PsychophysicsToolbox
75.875	0.001	resp	3	75875	PsychophysicsToolbox
75.88	0.001	resp	3	75880	PsychophysicsToolbox
75.885	0.001	resp	3	75885	PsychophysicsToolbox
75.89	0.001	resp	3	75890	PsychophysicsToolbox
75.895	0.001	resp	3	75895	PsychophysicsToolbox
75.905	0.001	resp	3	75905	PsychophysicsToolbox
75.91	0.001	resp	3	75910	PsychophysicsToolbox
75.915	0.001	resp	3	75915	PsychophysicsToolbox
75.92	0.001	resp	3	75920	PsychophysicsToolbox
75.925	0.001	resp	3	75925	PsychophysicsToolbox
75.931	0.001	resp	3	75931	PsychophysicsToolbox
75.936	0.001	resp	3	75936	PsychophysicsToolbox
75.941	0.001	resp	3	75941	PsychophysicsToolbox
75.946	0.001	resp	3	75946	PsychophysicsToolbox
75.956	0.001	resp	3	75956	PsychophysicsToolbox
75.961	0.001	resp	3	75961	PsychophysicsToolbox
75.966	0.001	resp	3	75966	PsychophysicsToolbox
75.971	0.001	resp	3	75971	PsychophysicsToolbox
76.29	0.001	stim_on	4	76290	PsychophysicsToolbox
77.445	0.001	resp	3	77445	PsychophysicsToolbox
77.452	0.001	resp	3	77452	PsychophysicsToolbox
77.457	0.001	resp	3	77457	PsychophysicsToolbox
77.462	0.001	resp	3	77462	PsychophysicsToolbox
77.467	0.001	resp	3	77467	PsychophysicsToolbox
77.472	0.001	resp	3	77472	PsychophysicsToolbox
77.477	0.001	resp	3	77477	PsychophysicsToolbox
77.482	0.001	resp	3	77482	PsychophysicsToolbox
77.487	0.001	resp	3	77487	PsychophysicsToolbox
77.492	0.001	resp	3	77492	PsychophysicsToolbox
77.502	0.001	resp	3	77502	PsychophysicsToolbox
77.507	0.001	resp	3	77507	PsychophysicsToolbox
77.512	0.001	resp	3	77512	PsychophysicsToolbox
77.517	0.001	resp	3	77517	PsychophysicsToolbox
77.522	0.001	resp	3	77522	PsychophysicsToolbox
77.527	0.001	resp	3	77527	PsychophysicsToolbox
77.532	0.001	resp	3	77532	PsychophysicsToolbox
77.537	0.001	resp	3	77537	PsychophysicsToolbox
77.542	0.001	resp	3	77542	PsychophysicsToolbox
77.547	0.001	resp	3	77547	PsychophysicsToolbox
77.558	0.001	resp	3	77558	PsychophysicsToolbox
77.563	0.001	resp	3	77563	PsychophysicsToolbox
77.568	0.001	resp	3	77568	PsychophysicsToolbox
77.573	0.001	resp	3	77573	PsychophysicsToolbox
77.578	0.001	resp	3	77578	PsychophysicsToolbox
77.583	0.001	resp	3	77583	PsychophysicsToolbox
77.609	0.001	stim_on	4	77609	PsychophysicsToolbox
78.556	0.001	resp	3	78556	PsychophysicsToolbox
78.562	0.001	resp	3	78562	PsychophysicsToolbox
78.567	0.001	resp	3	78567	PsychophysicsToolbox
78.573	0.001	resp	3	78573	PsychophysicsToolbox
78.578	0.001	resp	3	78578	PsychophysicsToolbox
78.583	0.001	resp	3	78583	PsychophysicsToolbox
78.588	0.001	resp	3	78588	PsychophysicsToolbox
78.593	0.001	resp	3	78593	PsychophysicsToolbox
78.598	0.001	resp	3	78598	PsychophysicsToolbox
78.603	0.001	resp	3	78603	PsychophysicsToolbox
78.613	0.001	resp	3	78613	PsychophysicsToolbox
78.618	0.001	resp	3	78618	PsychophysicsToolbox
78.623	0.001	resp	3	78623	PsychophysicsToolbox
78.628	0.001	resp	3	78628	PsychophysicsToolbox
78.633	0.001	resp	3	78633	PsychophysicsToolbox
78.638	0.001	resp	3	78638	PsychophysicsToolbox
78.643	0.001	resp	3	78643	PsychophysicsToolbox
78.648	0.001	resp	3	78648	PsychophysicsToolbox
78.653	0.001	resp	3	78653	PsychophysicsToolbox
78.658	0.001	resp	3	78658	PsychophysicsToolbox
79.178	0.001	stim_on	4	79178	PsychophysicsToolbox
80.034	0.001	resp	3	80034	PsychophysicsToolbox
80.041	0.001	resp	3	80041	PsychophysicsToolbox
80.046	0.001	resp	3	80046	PsychophysicsToolbox
80.051	0.001	resp	3	80051	PsychophysicsToolbox
80.056	0.001	resp	3	80056	PsychophysicsToolbox
80.061	0.001	resp	3	80061	PsychophysicsToolbox
80.066	0.001	resp	3	80066	PsychophysicsToolbox
80.071	0.001	resp	3	80071	PsychophysicsToolbox
80.077	0.001	resp	3	80077	PsychophysicsToolbox
80.082	0.001	resp	3	80082	PsychophysicsToolbox
80.092	0.001	resp	3	80092	PsychophysicsToolbox
80.097	0.001	resp	3	80097	PsychophysicsToolbox
80.102	0.001	resp	3	80102	PsychophysicsToolbox
80.107	0.001	resp	3	80107	PsychophysicsToolbox
80.112	0.001	resp	3	80112	PsychophysicsToolbox
80.117	0.001	resp	3	80117	PsychophysicsToolbox
80.122	0.001	resp	3	80122	PsychophysicsToolbox
80.127	0.001	resp	3	80127	PsychophysicsToolbox
80.132	0.001	resp	3	80132	PsychophysicsToolbox
80.137	0.001	resp	3	80137	PsychophysicsToolbox
80.147	0.001	resp	3	80147	PsychophysicsToolbox
80.152	0.001	resp	3	80152	PsychophysicsToolbox
80.157	0.001	resp	3	80157	PsychophysicsToolbox
80.162	0.001	resp	3	80162	PsychophysicsToolbox
80.167	0.001	resp	3	80167	PsychophysicsToolbox
80.172	0.001	resp	3	80172	PsychophysicsToolbox
80.177	0.001	resp	3	80177	PsychophysicsToolbox
80.182	0.001	resp	3	80182	PsychophysicsToolbox
80.187	0.001	resp	3	80187	PsychophysicsToolbox
80.192	0.001	resp	3	80192	PsychophysicsToolbox
80.564	0.001	stim_on	4	80564	PsychophysicsToolbox
81.486	0.001	resp	3	81486	PsychophysicsToolbox
81.493	0.001	resp	3	81493	PsychophysicsToolbox
81.498	0.001	resp	3	81498	PsychophysicsToolbox
81.503	0.001	resp	3	81503	PsychophysicsToolbox
81.508	0.001	resp	3	81508	PsychophysicsToolbox
81.513	0.001	resp	3	81513	PsychophysicsToolbox
81.518	0.001	resp	3	81518	PsychophysicsToolbox
81.523	0.001	resp	3	81523	PsychophysicsToolbox
81.528	0.001	resp	3	81528	PsychophysicsToolbox
81.533	0.001	resp	3	81533	PsychophysicsToolbox
81.543	0.001	resp	3	81543	PsychophysicsToolbox
81.548	0.001	resp	3	81548	PsychophysicsToolbox
81.553	0.001	resp	3	81553	PsychophysicsToolbox
81.558	0.001	resp	3	81558	PsychophysicsToolbox
81.563	0.001	resp	3	81563	PsychophysicsToolbox
81.568	0.001	resp	3	81568	PsychophysicsToolbox
81.573	0.001	resp	3	81573	PsychophysicsToolbox
81.578	0.001	resp	3	81578	PsychophysicsToolbox
81.583	0.001	resp	3	81583	PsychophysicsToolbox
81.588	0.001	resp	3	81588	PsychophysicsToolbox
81.598	0.001	resp	3	81598	PsychophysicsToolbox
81.603	0.001	resp	3	81603	PsychophysicsToolbox
81.608	0.001	resp	3	81608	PsychophysicsToolbox
82.234	0.001	stim_on	4	82234	PsychophysicsToolbox
83.068	0.001	resp	3	83068	PsychophysicsToolbox
83.075	0.001	resp	3	83075	PsychophysicsToolbox
83.08	0.001	resp	3	83080	PsychophysicsToolbox
83.085	0.001	resp	3	83085	PsychophysicsToolbox
83.09	0.001	resp	3	83090	PsychophysicsToolbox
83.095	0.001	resp	3	83095	PsychophysicsToolbox
83.1	0.001	resp	3	83100	PsychophysicsToolbox
83.105	0.001	resp	3	83105	PsychophysicsToolbox
83.11	0.001	resp	3	83110	PsychophysicsToolbox
83.115	0.001	resp	3	83115	PsychophysicsToolbox
83.125	0.001	resp	3	83125	PsychophysicsToolbox
83.13	0.001	resp	3	83130	PsychophysicsToolbox
83.135	0.001	resp	3	83135	PsychophysicsToolbox
83.14	0.001	resp	3	83140	PsychophysicsToolbox
83.145	0.001	resp	3	83145	PsychophysicsToolbox
83.15	0.001	resp	3	83150	PsychophysicsToolbox
83.155	0.001	resp	3	83155	PsychophysicsToolbox
83.161	0.001	resp	3	83161	PsychophysicsToolbox
83.166	0.001	resp	3	83166	PsychophysicsToolbox
83.703	0.001	stim_on	4	83703	PsychophysicsToolbox
84.62	0.001	resp	3	84620	PsychophysicsToolbox
84.626	0.001	resp	3	84626	PsychophysicsToolbox
84.632	0.001	resp	3	84632	PsychophysicsToolbox
84.637	0.001	resp	3	84637	PsychophysicsToolbox
84.642	0.001	resp	3	84642	PsychophysicsToolbox
84.647	0.001	resp	3	84647	PsychophysicsToolbox
84.652	0.001	resp	3	84652	PsychophysicsToolbox
84.657	0.001	resp	3	84657	PsychophysicsToolbox
84.662	0.001	resp	3	84662	PsychophysicsToolbox
84.667	0.001	resp	3	84667	PsychophysicsToolbox
84.677	0.001	resp	3	84677	PsychophysicsToolbox
84.682	0.001	resp	3	84682	PsychophysicsToolbox
84.687	0.001	resp	3	84687	PsychophysicsToolbox
84.692	0.001	resp	3	84692	PsychophysicsToolbox
84.697	0.001	resp	3	84697	PsychophysicsToolbox
84.702	0.001	resp	3	84702	PsychophysicsToolbox
84.707	0.001	resp	3	84707	PsychophysicsToolbox
84.712	0.001	resp	3	84712	PsychophysicsToolbox
84.717	0.001	resp	3	84717	PsychophysicsToolbox
84.722	0.001	resp	3	84722	PsychophysicsToolbox
84.732	0.001	resp	3	84732	PsychophysicsToolbox
84.737	0.001	resp	3	84737	PsychophysicsToolbox
84.742	0.001	resp	3	84742	PsychophysicsToolbox
84.747	0.001	resp	3	84747	PsychophysicsToolbox
84.752	0.001	resp	3	84752	PsychophysicsToolbox
84.757	0.001	resp	3	84757	PsychophysicsToolbox
85.406	0.001	stim_on	4	85406	PsychophysicsToolbox
86.216	0.001	resp	3	86216	PsychophysicsToolbox
86.223	0.001	resp	3	86223	PsychophysicsToolbox
86.228	0.001	resp	3	86228	PsychophysicsToolbox
86.233	0.001	resp	3	86233	PsychophysicsToolbox
86.238	0.001	resp	3	86238	PsychophysicsToolbox
86.243	0.001	resp	3	86243	PsychophysicsToolbox
86.248	0.001	resp	3	86248	PsychophysicsToolbox
86.253	0.001	resp	3	86253	PsychophysicsToolbox
86.258	0.001	resp	3	86258	PsychophysicsToolbox
86.263	0.001	resp	3	86263	PsychophysicsToolbox
86.273	0.001	resp	3	86273	PsychophysicsToolbox
86.278	0.001	resp	3	86278	PsychophysicsToolbox
86.283	0.001	resp	3	86283	PsychophysicsToolbox
86.288	0.001	resp	3	86288	PsychophysicsToolbox
86.293	0.001	resp	3	86293	PsychophysicsToolbox
86.298	0.001	resp	3	86298	PsychophysicsToolbox
86.303	0.001	resp	3	86303	PsychophysicsToolbox
86.309	0.001	resp	3	86309	PsychophysicsToolbox
86.314	0.001	resp	3	86314	PsychophysicsToolbox
86.324	0.001	resp	3	86324	PsychophysicsToolbox
86.329	0.001	resp	3	86329	PsychophysicsToolbox
86.334	0.001	resp	3	86334	PsychophysicsToolbox
86.339	0.001	resp	3	86339	PsychophysicsToolbox
86.344	0.001	resp	3	86344	PsychophysicsToolbox
86.349	0.001	resp	3	86349	PsychophysicsToolbox
86.859	0.001	stim_on	4	86859	PsychophysicsToolbox
87.774	0.001	resp	3	87774	PsychophysicsToolbox
87.78	0.001	resp	3	87780	PsychophysicsToolbox
87.785	0.001	resp	3	87785	PsychophysicsToolbox
87.79	0.001	resp	3	87790	PsychophysicsToolbox
87.795	0.001	resp	3	87795	PsychophysicsToolbox
87.8	0.001	resp	3	87800	PsychophysicsToolbox
87.805	0.001	resp	3	87805	PsychophysicsToolbox
87.811	0.001	resp	3	87811	PsychophysicsToolbox
87.816	0.001	resp	3	87816	PsychophysicsToolbox
87.821	0.001	resp	3	87821	PsychophysicsToolbox
87.831	0.001	resp	3	87831	PsychophysicsToolbox
87.836	0.001	resp	3	87836	PsychophysicsToolbox
87.841	0.001	resp	3	87841	PsychophysicsToolbox
87.846	0.001	resp	3	87846	PsychophysicsToolbox
87.851	0.001	resp	3	87851	PsychophysicsToolbox
87.856	0.001	resp	3	87856	PsychophysicsToolbox
87.861	0.001	resp	3	87861	PsychophysicsToolbox
87.866	0.001	resp	3	87866	PsychophysicsToolbox
87.871	0.001	resp	3	87871	PsychophysicsToolbox
87.876	0.001	resp	3	87876	PsychophysicsToolbox
88.295	0.001	stim_on	4	88295	PsychophysicsToolbox
89.25	0.001	resp	3	89250	PsychophysicsToolbox
89.256	0.001	resp	3	89256	PsychophysicsToolbox
89.261	0.001	resp	3	89261	PsychophysicsToolbox
89.266	0.001	resp	3	89266	PsychophysicsToolbox
89.271	0.001	resp	3	89271	PsychophysicsToolbox
89.276	0.001	resp	3	89276	PsychophysicsToolbox
89.281	0.001	resp	3	89281	PsychophysicsToolbox
89.286	0.001	resp	3	89286	PsychophysicsToolbox
89.291	0.001	resp	3	89291	PsychophysicsToolbox
89.297	0.001	resp	3	89297	PsychophysicsToolbox
89.307	0.001	resp	3	89307	PsychophysicsToolbox
89.312	0.001	resp	3	89312	PsychophysicsToolbox
89.317	0.001	resp	3	89317	PsychophysicsToolbox
89.322	0.001	resp	3	89322	PsychophysicsToolbox
89.327	0.001	resp	3	89327	PsychophysicsToolbox
89.332	0.001	resp	3	89332	PsychophysicsToolbox
89.337	0.001	resp	3	89337	PsychophysicsToolbox
89.342	0.001	resp	3	89342	PsychophysicsToolbox
89.347	0.001	resp	3	89347	PsychophysicsToolbox
89.352	0.001	resp	3	89352	PsychophysicsToolbox
89.362	0.001	resp	3	89362	PsychophysicsToolbox
89.367	0.001	resp	3	89367	PsychophysicsToolbox
89.372	0.001	resp	3	89372	PsychophysicsToolbox
89.377	0.001	resp	3	89377	PsychophysicsToolbox
89.932	0.001	stim_on	4	89932	PsychophysicsToolbox
90.813	0.001	resp	3	90813	PsychophysicsToolbox
90.82	0.001	resp	3	90820	PsychophysicsToolbox
90.825	0.001	resp	3	90825	PsychophysicsToolbox
90.83	0.001	resp	3	90830	PsychophysicsToolbox
90.835	0.001	resp	3	90835	PsychophysicsToolbox
90.84	0.001	resp	3	90840	PsychophysicsToolbox
90.845	0.001	resp	3	90845	PsychophysicsToolbox
90.85	0.001	resp	3	90850	PsychophysicsToolbox
90.855	0.001	resp	3	90855	PsychophysicsToolbox
90.86	0.001	resp	3	90860	PsychophysicsToolbox
90.87	0.001	resp	3	90870	PsychophysicsToolbox
90.875	0.001	resp	3	90875	PsychophysicsToolbox
90.88	0.001	resp	3	90880	PsychophysicsToolbox
90.885	0.001	resp	3	90885	PsychophysicsToolbox
90.89	0.001	resp	3	90890	PsychophysicsToolbox
90.895	0.001	resp	3	90895	PsychophysicsToolbox
90.9	0.001	resp	3	90900	PsychophysicsToolbox
90.905	0.001	resp	3	90905	PsychophysicsToolbox
90.91	0.001	resp	3	90910	PsychophysicsToolbox
90.915	0.001	resp	3	90915	PsychophysicsToolbox
90.926	0.001	resp	3	90926	PsychophysicsToolbox
90.931	0.001	resp	3	90931	PsychophysicsToolbox
91.251	0.001	stim_on	4	91251	PsychophysicsToolbox
92.08	0.001	resp	3	92080	PsychophysicsToolbox
92.086	0.001	resp	3	92086	PsychophysicsToolbox
92.091	0.001	resp	3	92091	PsychophysicsToolbox
92.096	0.001	resp	3	92096	PsychophysicsToolbox
92.101	0.001	resp	3	92101	PsychophysicsToolbox
92.107	0.001	resp	3	92107	PsychophysicsToolbox
92.112	0.001	resp	3	92112	PsychophysicsToolbox
92.117	0.001	resp	3	92117	PsychophysicsToolbox
92.122	0.001	resp	3	92122	PsychophysicsToolbox
92.127	0.001	resp	3	92127	PsychophysicsToolbox
92.137	0.001	resp	3	92137	PsychophysicsToolbox
92.142	0.001	resp	3	92142	PsychophysicsToolbox
92.147	0.001	resp	3	92147	PsychophysicsToolbox
92.152	0.001	resp	3	92152	PsychophysicsToolbox
92.157	0.001	resp	3	92157	PsychophysicsToolbox
92.162	0.001	resp	3	92162	PsychophysicsToolbox
92.167	0.001	resp	3	92167	PsychophysicsToolbox
92.172	0.001	resp	3	92172	PsychophysicsToolbox
92.177	0.001	resp	3	92177	PsychophysicsToolbox
92.182	0.001	resp	3	92182	PsychophysicsToolbox
92.192	0.001	resp	3	92192	PsychophysicsToolbox
92.197	0.001	resp	3	92197	PsychophysicsToolbox
92.202	0.001	resp	3	92202	PsychophysicsToolbox
92.207	0.001	resp	3	92207	PsychophysicsToolbox
92.212	0.001	resp	3	92212	PsychophysicsToolbox
92.92	0.001	stim_on	4	92920	PsychophysicsToolbox
93.645	0.001	resp	3	93645	PsychophysicsToolbox
93.652	0.001	resp	3	93652	PsychophysicsToolbox
93.657	0.001	resp	3	93657	PsychophysicsToolbox
93.662	0.001	resp	3	93662	PsychophysicsToolbox
93.667	0.001	resp	3	93667	PsychophysicsToolbox
93.672	0.001	resp	3	93672	PsychophysicsToolbox
93.677	0.001	resp	3	93677	PsychophysicsToolbox
93.682	0.001	resp	3	93682	PsychophysicsToolbox
93.687	0.001	resp	3	93687	PsychophysicsToolbox
93.692	0.001	resp	3	93692	PsychophysicsToolbox
93.702	0.001	resp	3	93702	PsychophysicsToolbox
93.708	0.001	resp	3	93708	PsychophysicsToolbox
93.713	0.001	resp	3	93713	PsychophysicsToolbox
93.718	0.001	resp	3	93718	PsychophysicsToolbox
93.723	0.001	resp	3	93723	PsychophysicsToolbox
93.728	0.001	resp	3	93728	PsychophysicsToolbox
93.733	0.001	resp	3	93733	PsychophysicsToolbox
93.738	0.001	resp	3	93738	PsychophysicsToolbox
93.743	0.001	resp	3	93743	PsychophysicsToolbox
93.753	0.001	resp	3	93753	PsychophysicsToolbox
93.758	0.001	resp	3	93758	PsychophysicsToolbox
93.763	0.001	resp	3	93763	PsychophysicsToolbox
93.768	0.001	resp	3	93768	PsychophysicsToolbox
93.773	0.001	resp	3	93773	PsychophysicsToolbox
93.778	0.001	resp	3	93778	PsychophysicsToolbox
93.783	0.001	resp	3	93783	PsychophysicsToolbox
93.788	0.001	resp	3	93788	PsychophysicsToolbox
94.523	0.001	stim_on	4	94523	PsychophysicsToolbox
95.376	0.001	resp	3	95376	PsychophysicsToolbox
95.383	0.001	resp	3	95383	PsychophysicsToolbox
95.388	0.001	resp	3	95388	PsychophysicsToolbox
95.393	0.001	resp	3	95393	PsychophysicsToolbox
95.398	0.001	resp	3	95398	PsychophysicsToolbox
95.403	0.001	resp	3	95403	PsychophysicsToolbox
95.408	0.001	resp	3	95408	PsychophysicsToolbox
95.413	0.001	resp	3	95413	PsychophysicsToolbox
95.418	0.001	resp	3	95418	PsychophysicsToolbox
95.423	0.001	resp	3	95423	PsychophysicsToolbox
95.433	0.001	resp	3	95433	PsychophysicsToolbox
95.438	0.001	resp	3	95438	PsychophysicsToolbox
95.443	0.001	resp	3	95443	PsychophysicsToolbox
95.448	0.001	resp	3	95448	PsychophysicsToolbox
95.453	0.001	resp	3	95453	PsychophysicsToolbox
95.458	0.001	resp	3	95458	PsychophysicsToolbox
95.463	0.001	resp	3	95463	PsychophysicsToolbox
95.468	0.001	resp	3	95468	PsychophysicsToolbox
95.473	0.001	resp	3	95473	PsychophysicsToolbox
95.478	0.001	resp	3	95478	PsychophysicsToolbox
95.488	0.001	resp	3	95488	PsychophysicsToolbox
95.493	0.001	resp	3	95493	PsychophysicsToolbox
95.498	0.001	resp	3	95498	PsychophysicsToolbox
96.126	0.001	stim_on	4	96126	PsychophysicsToolbox
97.05	0.001	resp	3	97050	PsychophysicsToolbox
97.057	0.001	resp	3	97057	PsychophysicsToolbox
97.062	0.001	resp	3	97062	PsychophysicsToolbox
97.067	0.001	resp	3	97067	PsychophysicsToolbox
97.072	0.001	resp	3	97072	PsychophysicsToolbox
97.077	0.001	resp	3	97077	PsychophysicsToolbox
97.082	0.001	resp	3	97082	PsychophysicsToolbox
97.087	0.001	resp	3	97087	PsychophysicsToolbox
97.092	0.001	resp	3	97092	PsychophysicsToolbox
97.097	0.001	resp	3	97097	PsychophysicsToolbox
97.107	0.001	resp	3	97107	PsychophysicsToolbox
97.112	0.001	resp	3	97112	PsychophysicsToolbox
97.117	0.001	resp	3	97117	PsychophysicsToolbox
97.122	0.001	resp	3	97122	PsychophysicsToolbox
97.127	0.001	resp	3	97127	PsychophysicsToolbox
97.132	0.001	resp	3	97132	PsychophysicsToolbox
97.137	0.001	resp	3	97137	PsychophysicsToolbox
97.142	0.001	resp	3	97142	PsychophysicsToolbox
97.147	0.001	resp	3	97147	PsychophysicsToolbox
97.152	0.001	resp	3	97152	PsychophysicsToolbox
97.629	0.001	stim_on	4	97629	PsychophysicsToolbox
98.509	0.001	resp	3	98509	PsychophysicsToolbox
98.516	0.001	resp	3	98516	PsychophysicsToolbox
98.521	0.001	resp	3	98521	PsychophysicsToolbox
98.526	0.001	resp	3	98526	PsychophysicsToolbox
98.531	0.001	resp	3	98531	PsychophysicsToolbox
98.536	0.001	resp	3	98536	PsychophysicsToolbox
98.541	0.001	resp	3	98541	PsychophysicsToolbox
98.546	0.001	resp	3	98546	PsychophysicsToolbox
98.551	0.001	resp	3	98551	PsychophysicsToolbox
98.556	0.001	resp	3	98556	PsychophysicsToolbox
98.566	0.001	resp	3	98566	PsychophysicsToolbox
98.572	0.001	resp	3	98572	PsychophysicsToolbox
98.577	0.001	resp	3	98577	PsychophysicsToolbox
98.582	0.001	resp	3	98582	PsychophysicsToolbox
98.587	0.001	resp	3	98587	PsychophysicsToolbox
98.592	0.001	resp	3	98592	PsychophysicsToolbox
98.597	0.001	resp	3	98597	PsychophysicsToolbox
98.602	0.001	resp	3	98602	PsychophysicsToolbox
98.607	0.001	resp	3	98607	PsychophysicsToolbox
98.617	0.001	resp	3	98617	PsychophysicsToolbox
98.622	0.001	resp	3	98622	PsychophysicsToolbox
98.627	0.001	resp	3	98627	PsychophysicsToolbox
98.632	0.001	resp	3	98632	PsychophysicsToolbox
98.637	0.001	resp	3	98637	PsychophysicsToolbox
98.642	0.001	resp	3	98642	PsychophysicsToolbox
98.647	0.001	resp	3	98647	PsychophysicsToolbox
99.015	0.001	stim_on	4	99015	PsychophysicsToolbox
99.872	0.001	resp	3	99872	PsychophysicsToolbox
99.878	0.001	resp	3	99878	PsychophysicsToolbox
99.883	0.001	resp	3	99883	PsychophysicsToolbox
99.888	0.001	resp	3	99888	PsychophysicsToolbox
99.893	0.001	resp	3	99893	PsychophysicsToolbox
99.898	0.001	resp	3	99898	PsychophysicsToolbox
99.904	0.001	resp	3	99904	PsychophysicsToolbox
99.909	0.001	resp	3	99909	PsychophysicsToolbox
99.914	0.001	resp	3	99914	PsychophysicsToolbox
99.919	0.001	resp	3	99919	PsychophysicsToolbox
99.929	0.001	resp	3	99929	PsychophysicsToolbox
99.934	0.001	resp	3	99934	PsychophysicsToolbox
99.939	0.001	resp	3	99939	PsychophysicsToolbox
99.944	0.001	resp	3	99944	PsychophysicsToolbox
99.949	0.001	resp	3	99949	PsychophysicsToolbox
99.954	0.001	resp	3	99954	PsychophysicsToolbox
99.959	0.001	resp	3	99959	PsychophysicsToolbox
99.964	0.001	resp	3	99964	PsychophysicsToolbox
99.969	0.001	resp	3	99969	PsychophysicsToolbox
99.974	0.001	resp	3	99974	PsychophysicsToolbox
99.984	0.001	resp	3	99984	PsychophysicsToolbox
99.989	0.001	resp	3	99989	PsychophysicsToolbox
99.994	0.001	resp	3	99994	PsychophysicsToolbox
99.999	0.001	resp	3	99999	PsychophysicsToolbox
100.004	0.001	resp	3	100004	PsychophysicsToolbox
100.368	0.001	stim_on	4	100368	PsychophysicsToolbox
101.2	0.001	resp	3	101200	PsychophysicsToolbox
101.207	0.001	resp	3	101207	PsychophysicsToolbox
101.212	0.001	resp	3	101212	PsychophysicsToolbox
101.217	0.001	resp	3	101217	PsychophysicsToolbox
101.222	0.001	resp	3	101222	PsychophysicsToolbox
101.227	0.001	resp	3	101227	PsychophysicsToolbox
101.232	0.001	resp	3	101232	PsychophysicsToolbox
101.237	0.001	resp	3	101237	PsychophysicsToolbox
101.242	0.001	resp	3	101242	PsychophysicsToolbox
101.247	0.001	resp	3	101247	PsychophysicsToolbox
101.257	0.001	resp	3	101257	PsychophysicsToolbox
101.262	0.001	resp	3	101262	PsychophysicsToolbox
101.267	0.001	resp	3	101267	PsychophysicsToolbox
101.272	0.001	resp	3	101272	PsychophysicsToolbox
101.277	0.001	resp	3	101277	PsychophysicsToolbox
101.282	0.001	resp	3	101282	PsychophysicsToolbox
101.287	0.001	resp	3	101287	PsychophysicsToolbox
101.292	0.001	resp	3	101292	PsychophysicsToolbox
101.297	0.001	resp	3	101297	PsychophysicsToolbox
101.302	0.001	resp	3	101302	PsychophysicsToolbox
101.312	0.001	resp	3	101312	PsychophysicsToolbox
101.317	0.001	resp	3	101317	PsychophysicsToolbox
101.322	0.001	resp	3	101322	PsychophysicsToolbox
102.037	0.001	stim_on	4	102037	PsychophysicsToolbox
102.739	0.001	resp	3	102739	PsychophysicsToolbox
102.746	0.001	resp	3	102746	PsychophysicsToolbox
102.751	0.001	resp	3	102751	PsychophysicsToolbox
102.756	0.001	resp	3	102756	PsychophysicsToolbox
102.761	0.001	resp	3	102761	PsychophysicsToolbox
102.766	0.001	resp	3	102766	PsychophysicsToolbox
102.771	0.001	resp	3	102771	PsychophysicsToolbox
102.776	0.001	resp	3	102776	PsychophysicsToolbox
102.781	0.001	resp	3	102781	PsychophysicsToolbox
102.786	0.001	resp	3	102786	PsychophysicsToolbox
102.796	0.001	resp	3	102796	PsychophysicsToolbox
102.801	0.001	resp	3	102801	PsychophysicsToolbox
102.806	0.001	resp	3	102806	PsychophysicsToolbox
102.811	0.001	resp	3	102811	PsychophysicsToolbox
102.816	0.001	resp	3	102816	PsychophysicsToolbox
102.821	0.001	resp	3	102821	PsychophysicsToolbox
102.826	0.001	resp	3	102826	PsychophysicsToolbox
102.831	0.001	resp	3	102831	PsychophysicsToolbox
102.836	0.001	resp	3	102836	PsychophysicsToolbox
102.841	0.001	resp	3	102841	PsychophysicsToolbox
102.851	0.001	resp	3	102851	PsychophysicsToolbox
102.856	0.001	resp	3	102856	PsychophysicsToolbox
102.861	0.001	resp	3	102861	PsychophysicsToolbox
102.866	0.001	resp	3	102866	PsychophysicsToolbox
102.871	0.001	resp	3	102871	PsychophysicsToolbox
103.657	0.001	stim_on	4	103657	PsychophysicsToolbox
104.432	0.001	resp	3	104432	PsychophysicsToolbox
104.439	0.001	resp	3	104439	PsychophysicsToolbox
104.444	0.001	resp	3	104444	PsychophysicsToolbox
104.449	0.001	resp	3	104449	PsychophysicsToolbox
104.454	0.001	resp	3	104454	PsychophysicsToolbox
104.459	0.001	resp	3	104459	PsychophysicsToolbox
104.464	0.001	resp	3	104464	PsychophysicsToolbox
104.469	0.001	resp	3	104469	PsychophysicsToolbox
104.474	0.001	resp	3	104474	PsychophysicsToolbox
104.479	0.001	resp	3	104479	PsychophysicsToolbox
104.489	0.001	resp	3	104489	PsychophysicsToolbox
104.494	0.001	resp	3	104494	PsychophysicsToolbox
104.499	0.001	resp	3	104499	PsychophysicsToolbox
104.504	0.001	resp	3	104504	PsychophysicsToolbox
104.509	0.001	resp	3	104509	PsychophysicsToolbox
104.514	0.001	resp	3	104514	PsychophysicsToolbox
104.52	0.001	resp	3	104520	PsychophysicsToolbox
104.525	0.001	resp	3	104525	PsychophysicsToolbox
104.53	0.001	resp	3	104530	PsychophysicsToolbox
104.54	0.001	resp	3	104540	PsychophysicsToolbox
104.545	0.001	resp	3	104545	PsychophysicsToolbox
104.55	0.001	resp	3	104550	PsychophysicsToolbox
105.293	0.001	stim_on	4	105293	PsychophysicsToolbox
106.062	0.001	resp	3	106062	PsychophysicsToolbox
106.068	0.001	resp	3	106068	PsychophysicsToolbox
106.073	0.001	resp	3	106073	PsychophysicsToolbox
106.078	0.001	resp	3	106078	PsychophysicsToolbox
106.083	0.001	resp	3	106083	PsychophysicsToolbox
106.088	0.001	resp	3	106088	PsychophysicsToolbox
106.094	0.001	resp	3	106094	PsychophysicsToolbox
106.099	0.001	resp	3	106099	PsychophysicsToolbox
106.104	0.001	resp	3	106104	PsychophysicsToolbox
106.109	0.001	resp	3	106109	PsychophysicsToolbox
106.119	0.001	resp	3	106119	PsychophysicsToolbox
106.124	0.001	resp	3	106124	PsychophysicsToolbox
106.129	0.001	resp	3	106129	PsychophysicsToolbox
106.134	0.001	resp	3	106134	PsychophysicsToolbox
106.139	0.001	resp	3	106139	PsychophysicsToolbox
106.144	0.001	resp	3	106144	PsychophysicsToolbox
106.149	0.001	resp	3	106149	PsychophysicsToolbox
106.154	0.001	resp	3	106154	PsychophysicsToolbox
106.159	0.001	resp	3	106159	PsychophysicsToolbox
106.164	0.001	resp	3	106164	PsychophysicsToolbox
106.174	0.001	resp	3	106174	PsychophysicsToolbox
106.179	0.001	resp	3	106179	PsychophysicsToolbox
106.184	0.001	resp	3	106184	PsychophysicsToolbox
106.189	0.001	resp	3	106189	PsychophysicsToolbox
106.194	0.001	resp	3	106194	PsychophysicsToolbox
106.199	0.001	resp	3	106199	PsychophysicsToolbox
106.204	0.001	resp	3	106204	PsychophysicsToolbox
106.209	0.001	resp	3	106209	PsychophysicsToolbox
106.214	0.001	resp	3	106214	PsychophysicsToolbox
107.013	0.001	stim_on	4	107013	PsychophysicsToolbox
107.879	0.001	resp	3	107879	PsychophysicsToolbox
107.886	0.001	resp	3	107886	PsychophysicsToolbox
107.891	0.001	resp	3	107891	PsychophysicsToolbox
107.896	0.001	resp	3	107896	PsychophysicsToolbox
107.901	0.001	resp	3	107901	PsychophysicsToolbox
107.906	0.001	resp	3	107906	PsychophysicsToolbox
107.911	0.001	resp	3	107911	PsychophysicsToolbox
107.916	0.001	resp	3	107916	PsychophysicsToolbox
107.921	0.001	resp	3	107921	PsychophysicsToolbox
107.926	0.001	resp	3	107926	PsychophysicsToolbox
107.936	0.001	resp	3	107936	PsychophysicsToolbox
107.941	0.001	resp	3	107941	PsychophysicsToolbox
107.946	0.001	resp	3	107946	PsychophysicsToolbox
107.951	0.001	resp	3	107951	PsychophysicsToolbox
107.956	0.001	resp	3	107956	PsychophysicsToolbox
107.961	0.001	resp	3	107961	PsychophysicsToolbox
107.966	0.001	resp	3	107966	PsychophysicsToolbox
107.971	0.001	resp	3	107971	PsychophysicsToolbox
107.976	0.001	resp	3	107976	PsychophysicsToolbox
107.981	0.001	resp	3	107981	PsychophysicsToolbox
107.991	0.001	resp	3	107991	PsychophysicsToolbox
107.996	0.001	resp	3	107996	PsychophysicsToolbox
108.001	0.001	resp	3	108001	PsychophysicsToolbox
108.006	0.001	resp	3	108006	PsychophysicsToolbox
108.011	0.001	resp	3	108011	PsychophysicsToolbox
108.016	0.001	resp	3	108016	PsychophysicsToolbox
108.022	0.001	resp	3	108022	PsychophysicsToolbox
108.027	0.001	resp	3	108027	PsychophysicsToolbox
108.032	0.001	resp	3	108032	PsychophysicsToolbox
108.042	0.001	resp	3	108042	PsychophysicsToolbox
108.047	0.001	resp	3	108047	PsychophysicsToolbox
108.052	0.001	resp	3	108052	PsychophysicsToolbox
108.057	0.001	resp	3	108057	PsychophysicsToolbox
108.062	0.001	resp	3	108062	PsychophysicsToolbox
108.332	0.001	stim_on	4	108332	PsychophysicsToolbox
109.233	0.001	resp	3	109233	PsychophysicsToolbox
109.24	0.001	resp	3	109240	PsychophysicsToolbox
109.245	0.001	resp	3	109245	PsychophysicsToolbox
109.25	0.001	resp	3	109250	PsychophysicsToolbox
109.255	0.001	resp	3	109255	PsychophysicsToolbox
109.26	0.001	resp	3	109260	PsychophysicsToolbox
109.265	0.001	resp	3	109265	PsychophysicsToolbox
109.27	0.001	resp	3	109270	PsychophysicsToolbox
109.275	0.001	resp	3	109275	PsychophysicsToolbox
109.28	0.001	resp	3	109280	PsychophysicsToolbox
109.29	0.001	resp	3	109290	PsychophysicsToolbox
109.295	0.001	resp	3	109295	PsychophysicsToolbox
109.3	0.001	resp	3	109300	PsychophysicsToolbox
109.305	0.001	resp	3	109305	PsychophysicsToolbox
109.31	0.001	resp	3	109310	PsychophysicsToolbox
109.315	0.001	resp	3	109315	PsychophysicsToolbox
109.32	0.001	resp	3	109320	PsychophysicsToolbox
109.325	0.001	resp	3	109325	PsychophysicsToolbox
109.33	0.001	resp	3	109330	PsychophysicsToolbox
109.335	0.001	resp	3	109335	PsychophysicsToolbox
109.345	0.001	resp	3	109345	PsychophysicsToolbox
109.35	0.001	resp	3	109350	PsychophysicsToolbox
109.355	0.001	resp	3	109355	PsychophysicsToolbox
109.361	0.001	resp	3	109361	PsychophysicsToolbox
109.366	0.001	resp	3	109366	PsychophysicsToolbox
110.052	0.001	stim_on	4	110052	PsychophysicsToolbox
110.654	0.001	resp	3	110654	PsychophysicsToolbox
110.661	0.001	resp	3	110661	PsychophysicsToolbox
110.666	0.001	resp	3	110666	PsychophysicsToolbox
110.671	0.001	resp	3	110671	PsychophysicsToolbox
110.676	0.001	resp	3	110676	PsychophysicsToolbox
110.681	0.001	resp	3	110681	PsychophysicsToolbox
110.686	0.001	resp	3	110686	PsychophysicsToolbox
110.691	0.001	resp	3	110691	PsychophysicsToolbox
110.696	0.001	resp	3	110696	PsychophysicsToolbox
110.701	0.001	resp	3	110701	PsychophysicsToolbox
110.711	0.001	resp	3	110711	PsychophysicsToolbox
110.716	0.001	resp	3	110716	PsychophysicsToolbox
110.721	0.001	resp	3	110721	PsychophysicsToolbox
110.726	0.001	resp	3	110726	PsychophysicsToolbox
110.731	0.001	resp	3	110731	PsychophysicsToolbox
110.736	0.001	resp	3	110736	PsychophysicsToolbox
110.741	0.001	resp	3	110741	PsychophysicsToolbox
111.421	0.001	stim_on	4	111421	PsychophysicsToolbox
112.328	0.001	resp	3	112328	PsychophysicsToolbox
112.335	0.001	resp	3	112335	PsychophysicsToolbox
112.34	0.001	resp	3	112340	PsychophysicsToolbox
112.345	0.001	resp	3	112345	PsychophysicsToolbox
112.35	0.001	resp	3	112350	PsychophysicsToolbox
112.355	0.001	resp	3	112355	PsychophysicsToolbox
112.36	0.001	resp	3	112360	PsychophysicsToolbox
112.365	0.001	resp	3	112365	PsychophysicsToolbox
112.37	0.001	resp	3	112370	PsychophysicsToolbox
112.375	0.001	resp	3	112375	PsychophysicsToolbox
112.385	0.001	resp	3	112385	PsychophysicsToolbox
112.39	0.001	resp	3	112390	PsychophysicsToolbox
112.395	0.001	resp	3	112395	PsychophysicsToolbox
112.4	0.001	resp	3	112400	PsychophysicsToolbox
112.406	0.001	resp	3	112406	PsychophysicsToolbox
112.411	0.001	resp	3	112411	PsychophysicsToolbox
112.416	0.001	resp	3	112416	PsychophysicsToolbox
112.421	0.001	resp	3	112421	PsychophysicsToolbox
112.426	0.001	resp	3	112426	PsychophysicsToolbox
112.436	0.001	resp	3	112436	PsychophysicsToolbox
112.441	0.001	resp	3	112441	PsychophysicsToolbox
112.446	0.001	resp	3	112446	PsychophysicsToolbox
112.451	0.001	resp	3	112451	PsychophysicsToolbox
112.924	0.001	stim_on	4	112924	PsychophysicsToolbox
113.872	0.001	resp	3	113872	PsychophysicsToolbox
113.878	0.001	resp	3	113878	PsychophysicsToolbox
113.883	0.001	resp	3	113883	PsychophysicsToolbox
113.888	0.001	resp	3	113888	PsychophysicsToolbox
113.893	0.001	resp	3	113893	PsychophysicsToolbox
113.898	0.001	resp	3	113898	PsychophysicsToolbox
113.904	0.001	resp	3	113904	PsychophysicsToolbox
113.909	0.001	resp	3	113909	PsychophysicsToolbox
113.914	0.001	resp	3	113914	PsychophysicsToolbox
113.919	0.001	resp	3	113919	PsychophysicsToolbox
113.929	0.001	resp	3	113929	PsychophysicsToolbox
113.934	0.001	resp	3	113934	PsychophysicsToolbox
113.939	0.001	resp	3	113939	PsychophysicsToolbox
113.944	0.001	resp	3	113944	PsychophysicsToolbox
113.949	0.001	resp	3	113949	PsychophysicsToolbox
113.954	0.001	resp	3	113954	PsychophysicsToolbox
113.959	0.001	resp	3	113959	PsychophysicsToolbox
113.964	0.001	resp	3	113964	PsychophysicsToolbox
113.969	0.001	resp	3	113969	PsychophysicsToolbox
113.974	0.001	resp	3	113974	PsychophysicsToolbox
113.984	0.001	resp	3	113984	PsychophysicsToolbox
113.989	0.001	resp	3	113989	PsychophysicsToolbox
113.994	0.001	resp	3	113994	PsychophysicsToolbox
113.999	0.001	resp	3	113999	PsychophysicsToolbox
114.004	0.001	resp	3	114004	PsychophysicsToolbox
114.009	0.001	resp	3	114009	PsychophysicsToolbox
114.014	0.001	resp	3	114014	PsychophysicsToolbox
114.393	0.001	stim_on	4	114393	PsychophysicsToolbox
115.535	0.001	resp	3	115535	PsychophysicsToolbox
115.542	0.001	resp	3	115542	PsychophysicsToolbox
115.547	0.001	resp	3	115547	PsychophysicsToolbox
115.552	0.001	resp	3	115552	PsychophysicsToolbox
115.557	0.001	resp	3	115557	PsychophysicsToolbox
115.562	0.001	resp	3	115562	PsychophysicsToolbox
115.567	0.001	resp	3	115567	PsychophysicsToolbox
115.572	0.001	resp	3	115572	PsychophysicsToolbox
115.577	0.001	resp	3	115577	PsychophysicsToolbox
115.582	0.001	resp	3	115582	PsychophysicsToolbox
115.592	0.001	resp	3	115592	PsychophysicsToolbox
115.597	0.001	resp	3	115597	PsychophysicsToolbox
115.602	0.001	resp	3	115602	PsychophysicsToolbox
115.607	0.001	resp	3	115607	PsychophysicsToolbox
115.612	0.001	resp	3	115612	PsychophysicsToolbox
115.617	0.001	resp	3	115617	PsychophysicsToolbox
115.622	0.001	resp	3	115622	PsychophysicsToolbox
115.627	0.001	resp	3	115627	PsychophysicsToolbox
115.633	0.001	resp	3	115633	PsychophysicsToolbox
116.097	0.001	stim_on	4	116097	PsychophysicsToolbox
117.053	0.001	resp	3	117053	PsychophysicsToolbox
117.06	0.001	resp	3	117060	PsychophysicsToolbox
117.065	0.001	resp	3	117065	PsychophysicsToolbox
117.07	0.001	resp	3	117070	PsychophysicsToolbox
117.075	0.001	resp	3	117075	PsychophysicsToolbox
117.08	0.001	resp	3	117080	PsychophysicsToolbox
117.085	0.001	resp	3	117085	PsychophysicsToolbox
117.09	0.001	resp	3	117090	PsychophysicsToolbox
117.095	0.001	resp	3	117095	PsychophysicsToolbox
117.1	0.001	resp	3	117100	PsychophysicsToolbox
117.11	0.001	resp	3	117110	PsychophysicsToolbox
117.115	0.001	resp	3	117115	PsychophysicsToolbox
117.12	0.001	resp	3	117120	PsychophysicsToolbox
117.125	0.001	resp	3	117125	PsychophysicsToolbox
117.13	0.001	resp	3	117130	PsychophysicsToolbox
117.135	0.001	resp	3	117135	PsychophysicsToolbox
117.14	0.001	resp	3	117140	PsychophysicsToolbox
117.145	0.001	resp	3	117145	PsychophysicsToolbox
117.15	0.001	resp	3	117150	PsychophysicsToolbox
117.516	0.001	stim_on	4	117516	PsychophysicsToolbox
118.482	0.001	resp	3	118482	PsychophysicsToolbox
118.488	0.001	resp	3	118488	PsychophysicsToolbox
118.493	0.001	resp	3	118493	PsychophysicsToolbox
118.498	0.001	resp	3	118498	PsychophysicsToolbox
118.503	0.001	resp	3	118503	PsychophysicsToolbox
118.509	0.001	resp	3	118509	PsychophysicsToolbox
118.514	0.001	resp	3	118514	PsychophysicsToolbox
118.519	0.001	resp	3	118519	PsychophysicsToolbox
118.524	0.001	resp	3	118524	PsychophysicsToolbox
118.529	0.001	resp	3	118529	PsychophysicsToolbox
118.539	0.001	resp	3	118539	PsychophysicsToolbox
118.544	0.001	resp	3	118544	PsychophysicsToolbox
118.549	0.001	resp	3	118549	PsychophysicsToolbox
118.554	0.001	resp	3	118554	PsychophysicsToolbox
118.559	0.001	resp	3	118559	PsychophysicsToolbox
118.564	0.001	resp	3	118564	PsychophysicsToolbox
118.569	0.001	resp	3	118569	PsychophysicsToolbox
118.574	0.001	resp	3	118574	PsychophysicsToolbox
118.579	0.001	resp	3	118579	PsychophysicsToolbox
118.584	0.001	resp	3	118584	PsychophysicsToolbox
118.594	0.001	resp	3	118594	PsychophysicsToolbox
118.599	0.001	resp	3	118599	PsychophysicsToolbox
118.604	0.001	resp	3	118604	PsychophysicsToolbox
118.885	0.001	stim_on	4	118885	PsychophysicsToolbox
119.838	0.001	resp	3	119838	PsychophysicsToolbox
119.845	0.001	resp	3	119845	PsychophysicsToolbox
119.85	0.001	resp	3	119850	PsychophysicsToolbox
119.855	0.001	resp	3	119855	PsychophysicsToolbox
119.86	0.001	resp	3	119860	PsychophysicsToolbox
119.865	0.001	resp	3	119865	PsychophysicsToolbox
119.87	0.001	resp	3	119870	PsychophysicsToolbox
119.875	0.001	resp	3	119875	PsychophysicsToolbox
119.88	0.001	resp	3	119880	PsychophysicsToolbox
119.885	0.001	resp	3	119885	PsychophysicsToolbox
119.895	0.001	resp	3	119895	PsychophysicsToolbox
119.9	0.001	resp	3	119900	PsychophysicsToolbox
119.905	0.001	resp	3	119905	PsychophysicsToolbox
119.91	0.001	resp	3	119910	PsychophysicsToolbox
119.915	0.001	resp	3	119915	PsychophysicsToolbox
119.921	0.001	resp	3	119921	PsychophysicsToolbox
119.926	0.001	resp	3	119926	PsychophysicsToolbox
119.931	0.001	resp	3	119931	PsychophysicsToolbox
119.936	0.001	resp	3	119936	PsychophysicsToolbox
119.946	0.001	resp	3	119946	PsychophysicsToolbox
119.951	0.001	resp	3	119951	PsychophysicsToolbox
119.956	0.001	resp	3	119956	PsychophysicsToolbox
119.961	0.001	resp	3	119961	PsychophysicsToolbox
119.966	0.001	resp	3	119966	PsychophysicsToolbox
120.388	0.001	stim_on	4	120388	PsychophysicsToolbox
121.387	0.001	resp	3	121387	PsychophysicsToolbox
121.393	0.001	resp	3	121393	PsychophysicsToolbox
121.398	0.001	resp	3	121398	PsychophysicsToolbox
121.403	0.001	resp	3	121403	PsychophysicsToolbox
121.408	0.001	resp	3	121408	PsychophysicsToolbox
121.414	0.001	resp	3	121414	PsychophysicsToolbox
121.419	0.001	resp	3	121419	PsychophysicsToolbox
121.424	0.001	resp	3	121424	PsychophysicsToolbox
121.429	0.001	resp	3	121429	PsychophysicsToolbox
121.434	0.001	resp	3	121434	PsychophysicsToolbox
121.444	0.001	resp	3	121444	PsychophysicsToolbox
121.449	0.001	resp	3	121449	PsychophysicsToolbox
121.454	0.001	resp	3	121454	PsychophysicsToolbox
121.459	0.001	resp	3	121459	PsychophysicsToolbox
121.464	0.001	resp	3	121464	PsychophysicsToolbox
121.469	0.001	resp	3	121469	PsychophysicsToolbox
121.474	0.001	resp	3	121474	PsychophysicsToolbox
121.479	0.001	resp	3	121479	PsychophysicsToolbox
121.484	0.001	resp	3	121484	PsychophysicsToolbox
121.489	0.001	resp	3	121489	PsychophysicsToolbox
121.499	0.001	resp	3	121499	PsychophysicsToolbox
121.824	0.001	stim_on	4	121824	PsychophysicsToolbox
122.869	0.001	resp	3	122869	PsychophysicsToolbox
122.875	0.001	resp	3	122875	PsychophysicsToolbox
122.88	0.001	resp	3	122880	PsychophysicsToolbox
122.885	0.001	resp	3	122885	PsychophysicsToolbox
122.89	0.001	resp	3	122890	PsychophysicsToolbox
122.895	0.001	resp	3	122895	PsychophysicsToolbox
122.901	0.001	resp	3	122901	PsychophysicsToolbox
122.906	0.001	resp	3	122906	PsychophysicsToolbox
122.911	0.001	resp	3	122911	PsychophysicsToolbox
122.916	0.001	resp	3	122916	PsychophysicsToolbox
122.926	0.001	resp	3	122926	PsychophysicsToolbox
122.931	0.001	resp	3	122931	PsychophysicsToolbox
122.936	0.001	resp	3	122936	PsychophysicsToolbox
122.941	0.001	resp	3	122941	PsychophysicsToolbox
122.946	0.001	resp	3	122946	PsychophysicsToolbox
122.951	0.001	resp	3	122951	PsychophysicsToolbox
122.956	0.001	resp	3	122956	PsychophysicsToolbox
122.961	0.001	resp	3	122961	PsychophysicsToolbox
123.293	0.001	stim_on	4	123293	PsychophysicsToolbox
124.303	0.001	resp	3	124303	PsychophysicsToolbox
124.309	0.001	resp	3	124309	PsychophysicsToolbox
124.314	0.001	resp	3	124314	PsychophysicsToolbox
124.319	0.001	resp	3	124319	PsychophysicsToolbox
124.324	0.001	resp	3	124324	PsychophysicsToolbox
124.329	0.001	resp	3	124329	PsychophysicsToolbox
124.334	0.001	resp	3	124334	PsychophysicsToolbox
124.339	0.001	resp	3	124339	PsychophysicsToolbox
124.345	0.001	resp	3	124345	PsychophysicsToolbox
124.35	0.001	resp	3	124350	PsychophysicsToolbox
124.36	0.001	resp	3	124360	PsychophysicsToolbox
124.365	0.001	resp	3	124365	PsychophysicsToolbox
124.37	0.001	resp	3	124370	PsychophysicsToolbox
124.375	0.001	resp	3	124375	PsychophysicsToolbox
124.38	0.001	resp	3	124380	PsychophysicsToolbox
124.385	0.001	resp	3	124385	PsychophysicsToolbox
124.39	0.001	resp	3	124390	PsychophysicsToolbox
124.395	0.001	resp	3	124395	PsychophysicsToolbox
124.4	0.001	resp	3	124400	PsychophysicsToolbox
124.863	0.001	stim_on	4	124863	PsychophysicsToolbox
125.826	0.001	resp	3	125826	PsychophysicsToolbox
125.833	0.001	resp	3	125833	PsychophysicsToolbox
125.838	0.001	resp	3	125838	PsychophysicsToolbox
125.843	0.001	resp	3	125843	PsychophysicsToolbox
125.848	0.001	resp	3	125848	PsychophysicsToolbox
125.853	0.001	resp	3	125853	PsychophysicsToolbox
125.858	0.001	resp	3	125858	PsychophysicsToolbox
125.863	0.001	resp	3	125863	PsychophysicsToolbox
125.868	0.001	resp	3	125868	PsychophysicsToolbox
125.873	0.001	resp	3	125873	PsychophysicsToolbox
125.883	0.001	resp	3	125883	PsychophysicsToolbox
125.888	0.001	resp	3	125888	PsychophysicsToolbox
125.893	0.001	resp	3	125893	PsychophysicsToolbox
125.898	0.001	resp	3	125898	PsychophysicsToolbox
125.903	0.001	resp	3	125903	PsychophysicsToolbox
125.908	0.001	resp	3	125908	PsychophysicsToolbox
125.913	0.001	resp	3	125913	PsychophysicsToolbox
125.918	0.001	resp	3	125918	PsychophysicsToolbox
125.923	0.001	resp	3	125923	PsychophysicsToolbox
125.928	0.001	resp	3	125928	PsychophysicsToolbox
125.938	0.001	resp	3	125938	PsychophysicsToolbox
125.943	0.001	resp	3	125943	PsychophysicsToolbox
125.948	0.001	resp	3	125948	PsychophysicsToolbox
125.953	0.001	resp	3	125953	PsychophysicsToolbox
126.533	0.001	stim_on	4	126533	PsychophysicsToolbox
127.481	0.001	resp	3	127481	PsychophysicsToolbox
127.488	0.001	resp	3	127488	PsychophysicsToolbox
127.493	0.001	resp	3	127493	PsychophysicsToolbox
127.498	0.001	resp	3	127498	PsychophysicsToolbox
127.503	0.001	resp	3	127503	PsychophysicsToolbox
127.508	0.001	resp	3	127508	PsychophysicsToolbox
127.513	0.001	resp	3	127513	PsychophysicsToolbox
127.518	0.001	resp	3	127518	PsychophysicsToolbox
127.523	0.001	resp	3	127523	PsychophysicsToolbox
127.528	0.001	resp	3	127528	PsychophysicsToolbox
127.538	0.001	resp	3	127538	PsychophysicsToolbox
127.543	0.001	resp	3	127543	PsychophysicsToolbox
127.548	0.001	resp	3	127548	PsychophysicsToolbox
127.553	0.001	resp	3	127553	PsychophysicsToolbox
127.558	0.001	resp	3	127558	PsychophysicsToolbox
127.563	0.001	resp	3	127563	PsychophysicsToolbox
127.568	0.001	resp	3	127568	PsychophysicsToolbox
127.573	0.001	resp	3	127573	PsychophysicsToolbox
127.578	0.001	resp	3	127578	PsychophysicsToolbox
128.086	0.001	stim_on	4	128086	PsychophysicsToolbox
129.077	0.001	resp	3	129077	PsychophysicsToolbox
129.084	0.001	resp	3	129084	PsychophysicsToolbox
129.089	0.001	resp	3	129089	PsychophysicsToolbox
129.094	0.001	resp	3	129094	PsychophysicsToolbox
129.099	0.001	resp	3	129099	PsychophysicsToolbox
129.104	0.001	resp	3	129104	PsychophysicsToolbox
129.109	0.001	resp	3	129109	PsychophysicsToolbox
129.114	0.001	resp	3	129114	PsychophysicsToolbox
129.119	0.001	resp	3	129119	PsychophysicsToolbox
129.124	0.001	resp	3	129124	PsychophysicsToolbox
129.134	0.001	resp	3	129134	PsychophysicsToolbox
129.139	0.001	resp	3	129139	PsychophysicsToolbox
129.144	0.001	resp	3	129144	PsychophysicsToolbox
129.149	0.001	resp	3	129149	PsychophysicsToolbox
129.154	0.001	resp	3	129154	PsychophysicsToolbox
129.159	0.001	resp	3	129159	PsychophysicsToolbox
129.164	0.001	resp	3	129164	PsychophysicsToolbox
129.169	0.001	resp	3	129169	PsychophysicsToolbox
129.174	0.001	resp	3	129174	PsychophysicsToolbox
129.179	0.001	resp	3	129179	PsychophysicsToolbox
129.19	0.001	resp	3	129190	PsychophysicsToolbox
129.195	0.001	resp	3	129195	PsychophysicsToolbox
129.455	0.001	stim_on	4	129455	PsychophysicsToolbox
130.458	0.001	resp	3	130458	PsychophysicsToolbox
130.465	0.001	resp	3	130465	PsychophysicsToolbox
130.47	0.001	resp	3	130470	PsychophysicsToolbox
130.475	0.001	resp	3	130475	PsychophysicsToolbox
130.48	0.001	resp	3	130480	PsychophysicsToolbox
130.485	0.001	resp	3	130485	PsychophysicsToolbox
130.49	0.001	resp	3	130490	PsychophysicsToolbox
130.495	0.001	resp	3	130495	PsychophysicsToolbox
130.5	0.001	resp	3	130500	PsychophysicsToolbox
130.506	0.001	resp	3	130506	PsychophysicsToolbox
130.516	0.001	resp	3	130516	PsychophysicsToolbox
130.521	0.001	resp	3	130521	PsychophysicsToolbox
130.526	0.001	resp	3	130526	PsychophysicsToolbox
130.531	0.001	resp	3	130531	PsychophysicsToolbox
130.536	0.001	resp	3	130536	PsychophysicsToolbox
130.541	0.001	resp	3	130541	PsychophysicsToolbox
130.546	0.001	resp	3	130546	PsychophysicsToolbox
130.551	0.001	resp	3	130551	Psyc